,0
NASA,19
Sam,18
A,18
Liza,16
Mahdi,16
Husniya Sattrova,15
á„‹á„‹,14
á‹³áŠ•áŠ¤áˆ á‰°áŒ«áŠ” Daniel Techane,14
Asal Joshan,12
LovFriends,11
Yash,11
Ali,11
Cake,11
david_smith,11
Matthew Henson,11
Jeremy K.,11
Krox,11
Star Sailor,11
nn,11
Kristyn,11
One Of them,11
Dina Monserate,10
hamed rajabi,10
Norman Minerva,10
reza elahi,10
amir,10
Thirsty,10
The Demented Gamer,9
Mill,9
Daniel,9
Dr. WHO,9
Michael,9
Chris ****,9
alireza doaii,9
Nathaniel,9
ISHI,9
Freakmenn,9
ìƒê°ì´ í˜„ì‹¤ë¡œ ëœ ì„¸ìƒ,9
reizner bautista,9
Cheems,8
Pouf,8
komale,8
Akki,8
Peter Dore,8
AvAo_O brti,8
Mohammad Omid Azizi,8
QQ,8
Ichiro Nekozuki,8
GAMELAND98,8
Nathan Higa,8
I Made Wiguna Sutama,8
Aliz,8
Melissa Martinez,8
Amir Fun,8
Muthukumar R,8
Batat SautÃ©,8
TURN3ED,8
ã…‡ã…‡,8
á„‹á„†á„’,8
ArcticLost,7
Chris,7
Kevin,7
Baleur,7
Nikhil lahre,7
Dineth Lanka,7
Sina sinai,7
king armita,7
M,7
nothing to see here,7
G 2all,7
ClayF,7
alireza allahvardy,7
David,7
Siddhant Kakad [NDA],7
Sachin Rathore,7
AC STUDIOS,7
Murlynd A. Glansdale,7
Prehi64,7
Janya Namvongsa,7
JS,7
Nusrat Jahan Rhythita,7
ìƒì¶”,7
IIIlllIIl IIllIIlII,7
Hale Nur UÄŸur,7
C137,7
Nick,7
Sunrit Ghosh,7
J,7
youme1414,7
MAHDI BARKHORDARI,7
Mohammad Hossein Rajabi,7
Pyro1456,7
ĞĞ¸ĞºĞ¾Ğ»Ğ°ÌĞ¹,7
LOOSER EXT,6
Roronoa Zoro,6
SLESHING,6
S,6
Emanuel 08052007,6
Neeraj Gupta,6
tejm_org,6
INSIDE MARS,6
Arshita Rahman,6
ë°•ê¸°ì¤€,6
82 Kim,6
Gauri Kulkarni,6
Orion,6
SOUL x ALPHA,6
Dorsa Shahriyari,6
à¤®à¤¹à¤¾à¤°à¤¥à¥€,6
Arezoo Hatami,6
Mahdi jafarnya,6
mahdeyar_mszd,6
Mateus Nicolini Bezerra,6
Jrg,6
People,6
ê¶Œì„¸ë“,6
sun rise,6
MONA LISA,6
Ritesh Bansode,6
Farid Al aziz,6
LoL Cat,6
mill,6
ìš°í† ë¦¬ì˜ ê²Œì„ ì±„ë„,6
Casey Alhambra,6
kongrufus1,6
GamingWithJason,6
ê°•ì§€í›ˆ,6
Love This,6
Braedon Ellemo,6
Filip,6
Martian Soon,6
PrinzessinKnuffKnuff,6
Ø¹Ù„ÛŒ Ø­ÛŒØ¯Ø±ÛŒ,6
Ú©Ø§Ø¦ÙˆÙ†,6
Elliott Schwartz,6
bada boys,6
Atefeh Naseri,6
GenericChannelName,6
Javad Khadem,6
James The Potato,6
Space Erebus,6
Veosity,6
ğŸ¨Painting trainingğŸ–Œï¸,6
Ali Parvizy,6
reza,6
Khashayar Mgh,6
Astrophel,6
nwsteg,6
Max,6
Sycamorus,6
Araku,6
Mohammad Mahdi,6
Ù†Ú¯ÛŒÙ† Ø¢Ø°Ø±ÛŒ,6
Arthur,6
TAHA,6
subatomic planets,5
Pranab Barman,5
Lonely Man,5
ì›ì¸„,5
Elyas--Xm. (â—‰â€¿â—‰),5
ur momâ€™s spaghetti,5
Shrimp Pasta,5
AcidBeast,5
hoseiin_sf88,5
Máº¡nhMagnus TV,5
Mia,5
Minegun,5
ÃœlkÃ¼,5
Emu,5
Ø´Ø±ÛŒØ¹ØªÛŒ,5
Hyperion,5
Sabrina Astrophile,5
ali,5
Ramesh,5
Malek Jlelaty,5
Md. Jakaria Hossen,5
Marco,5
herb,5
indian stevee,5
Erfan Bagherzade,5
Motivation,5
Morteza Pooladkhan,5
UNIQUE STUDIO,5
My life,5
Universe,5
Kian Najmi,5
H Rahman,5
Daredonte,5
Aki,5
Narges Baligh,5
ms bok,5
Albert615,5
ì—ë“œì›Œë“œ ìŠ¤íƒ€111,5
RETAB-WICK,5
udara Ishan,5
light is a wave,5
Ù°,5
Curiosity Mrs,5
ejhs tmac,5
- # R I N ğŸƒğŸ–¤,5
Hinsberg Reagent,5
Junk Science,5
Rice Tanzania,5
ì¹˜ì¦ˆëˆê¹ŒìŠ¤,5
D M,5
MasoudEy,5
zohal,5
RyN,5
á„’á„‡,5
MUZErs,5
Yashraj Soni,5
Rx Hx,5
Danial Jorjandi,5
M.MOTORS,5
Masoumeh Farshadi,5
Arpit Chhabra,5
Ø­Ù…Ù€ÙˆØ¯ÙŠÙ€Û’,5
Green,5
Catherine,5
Alibaset Barati,5
Beboy,5
COMPASSBOW,5
milad,5
Mr Inquisit,5
ÄÄƒng DÆ°Æ¡ng An,5
Aqeel khan,5
Indian facts,5
Peter R,5
Xivilius,5
shafay riaz,5
Alex,5
Ø¹Ù„ÛŒØ±Ø¶Ø§ Ú©Ø§Ø¸Ù…ÛŒ,5
WeberroRoshe,5
RinTu's_world ^_^,5
Crikch Le,5
K,5
Dhruv,5
Mohsen,5
M Zain Ali,5
rabidL3M0NS,5
Sebastian,5
Gabriel,5
Mariana S Machado,5
JÏƒhÎ·Î·y lÑ”Î¹ÑĞ²Î±g,5
ftm tp,5
newtoy,5
mohammad mohammadi,5
phone tricks,5
ARIJIT ROY,5
S I N A,5
MEHRDAD HEX,5
Mehmet burak Akkoc,5
lasarith2,5
Tony Stark,5
O R,5
Melika Mohsseni,5
Raisin Fighter,5
Chronox5,5
Darnell Fingernoodle Jr.,5
å­˜åœ¨ã¯ä¸€æ™‚çš„ã§ã™,5
Cann,5
Lakshya Maharshi,5
trespire,5
Maede artgallery,5
A-10 Warthog,5
tiara_pos,5
amir kasra,5
Amir,5
Carlos,5
Kim Young,5
Larry David 47,5
The Needy Techie,5
BubbleNyte,5
Hamid Bagheri,5
"Korean, Japanese Channel",5
sepehr_007,5
Lancelot,5
ê¹€í˜„ì¤‘,5
Mahmud abbas,5
Terz0v,5
kosar fk,5
Fateme Zahra,5
Geener Heimer,5
thao nguyen,5
nafas kaqazi,5
Amir Tirafkan,5
Sean,5
Ebrahim Shams,5
kimê°•ìˆ˜,5
Sucesor de Lawliet,5
í•‘ì´ í•‘,5
Erfan Ahmadi,5
Laurence Veto,5
ë‚¨ì‹ì´,5
æ¨ç¿°æ—,5
firecat32,5
â€œPop18â€,5
Dodbeë„ë“œë¹„,5
ì¡°í˜„ê·¼,5
Rhett N.H,5
ê·€ì—¬ìš´ê²Œìµœê³ ì˜ˆìš”,5
D. A.,5
Gabriel Lima,5
Sakir Marfatia,5
Marien Brunswick,5
ms katulanda,5
NightSkyDiamonds,5
Flame,5
aurmdomitera,5
SR47,5
Alex Rr,5
Î»Ï»Î¹Ğ³Î»Ğ³sÎ»lÎ»n sĞ½Î»Î²Î»Ï€Ï€ÎµÏ³Î»d,5
morioh,5
All-Star Art,4
bilgisayar,4
Aditya,4
AMATOXIN,4
WILIAM.GAMING,4
Marco Pohl,4
Eka Juliantini,4
japan1001ify,4
Demon,4
Jade Adams,4
Joshua Valenciano,4
Heydar ilyaii,4
Ø®ÙˆØ±Ø´ÛŒØ¯ Ù¾Ø´ØªØ´ Ø¨Ù‡ Ù…Ø§Ø³Øª,4
short meme,4
comedy kutties,4
ali kiani,4
Isro Gaganyaan,4
Arnav,4
rigel kentaurus,4
Infinite Universe,4
ASDC MAYOORA,4
HotChickenandSoup,4
YaiKo 2111,4
Leon M,4
ash flash,4
HP MISHRA,4
Ash_KetchemGames5,4
Sara Morris,4
ShibKumar Gupta,4
Ù‡Ù…Ø±Ø§Ø²,4
Bhavesh sharma,4
Savindu Marapana,4
Ryan DePompei,4
Univer,4
Sektion9,4
Junyan Wu,4
JD_Docil,4
Î™Ï‰Î¬Î½Î½Î± Î˜ÎµÎ¿Î´ÏÏÎ¿Ï…,4
Hossein Salmani,4
adslebron,4
viatomic,4
apia,4
Trap Astronaut,4
Daniel Dronzek,4
ISRO,4
yaldon99,4
Iman Zarepuor,4
ì»¤í”¼í•œì”í• ë˜ìš”,4
avydragon,4
Lilac,4
Glacier Torreto,4
Jace Paladin,4
SJ,4
HoSsEiN,4
Wenfei Yang,4
NasteXify,4
Î½Î±â„“Ñ”Î·Ñ‚Î¹Î·Î± âˆ‚Î¹ Î·Î±ÏÏƒâ„“Î¹ğŸŒ¸,4
Ridge,4
Ravindu Ranasingha,4
vrain,4
Ingenuity,4
Alan Smith,4
Sepehr Javeri,4
Mohammad Golabi,4
Soumya Ranjan Panda,4
Space Embassy,4
s.dendup,4
Akshay Bhujbal,4
Niloofar,4
etloi bambaruush,4
Hasan Dehghan,4
Mr Beans,4
Pizzaman 3000,4
Quantum Sage,4
jeff logan,4
Grimjaw X,4
McClellan James,4
Jayant bhardwaj,4
surbhi gaur,4
tea liang,4
yusuf AydoÄŸan,4
Julia Ardoin,4
John Smith,4
ì˜ì°¬,4
saeid ebrahimi,4
SMAz,4
John,4
Glitch Andyáƒ¦,4
Angry Bleach,4
CrayCray Wolf,4
Joseph Anton,4
Ananya Sood,4
Amirali Davoodi,4
ê°•ì•„ì§€,4
Flying to The Moon,4
ambitious,4
Bad Guy 000,4
shot iago,4
ë³´ë¼ë¹›í–¥ê¸°,4
YH,4
Ryan,4
Travis,4
ì‚°ë“¤ë°”ëŒ,4
Olay,4
MattW,4
Nitelyte,4
Kuzairy,4
Brian,4
Tommy,4
aaaaaaaaaaaa,4
DGW 404,4
LockeRobster,4
Faranak,4
LightingTurbo,4
JPGV,4
Warlord Megatron,4
ali rad,4
AlexanderLetov_osu!,4
Ridwan SR,4
M K,4
Batman,4
jwst esa,4
Champagne,4
Henry Martinex,4
Rian_,4
T-SERIES ENJOYER,4
Alireza sobhani,4
Hlumi Tlale,4
Disha Gorai,4
Tocos W,4
Salina Akter,4
Zeeki PH,4
Tails Inan,4
"Francisco, Nico L.",4
Physics Craft,4
mobina,4
David Reyes Logan O.C.,4
Mikey emot Batu bersatuğŸ—¿,4
PEACE OUT PAT,4
Hong meiosis Cheng,4
SHAFIQ DANISH,4
Akimoto4u,4
GpasDenom GpasDenom,4
DE-_-,4
R Salwan,4
à¨®à¨¿à¨¨à¨¾à¨¸ à¨¦à¨¿à¨µà¨¦à©€à¨ªà¨¸à¨¿à©°à¨˜ à¨¡à©‹à¨—à©±à¨° à¨®à©±à¨²,4
The Science Blogger,4
ali ghomeishlo,4
Nia Zand,4
G C KULDEEP,4
Ehsan lotfali,4
sotalist,4
Late,4
jayarsenal29,4
Arjun Sinha,4
Salada Mista,4
Paul Hague,4
Äam mÃª Giáº£i TÃ­ch,4
Ayyoub Shahy,4
Space,4
cake slay queen,4
Krot odin,4
Amir Abbas Rajabi,4
Doctor Blue Nye,4
Mr iroonia,4
Nitro Crank,4
vren,4
Jay,4
Prakash G.,4
CYBER.97,4
KENZO NT,4
Astrodress Channel,4
855c,4
sara,4
RamoPlayz,4
Snakov,4
Tomodachi,4
Mani,4
EmirAKSU,4
ThunderDragon,4
Davidson Ballesteros,4
Mohammad Mohammadi,4
cosplay fan,4
Tony Montana,4
Paolo Udani,4
Siti Aisyah,4
AndrÃ©,4
willia451,4
Linh Viet 125,4
Harsh T,4
hananeh hasanvand,4
ZangadoAFB,4
Shadab Naeem,4
No Brand Internet User,4
Esmaeil,4
darsh bihani,4
Vico - fertig gejammert,4
Megan McKinley Amarant,4
MD.Najmul Ahasan Zahid,4
Ibrahim,4
Triana Butler,4
eliam am,4
Popoy Son,4
The Kerbalnaut,4
Blaze's YouTube,4
taniyaaaa,4
Jefferson moraes,4
Kutty Theboss,4
mana bakhtiari,4
í˜ë¦¬ peri Ğ¿ĞµÑ€Ğ¸,4
Duskraven377,4
LNZ74,4
Erwt64,4
CapStar362,4
NGHá»† THUáº¬T DÃT VÃ€NG,4
NopWORKS,4
Vytis - Chase Maleckas Brunius,4
Preety Saikia,4
Claire,4
gold nutter,4
a_b_ir:),4
MohmmadReza Eskandari,4
Deep Sky Hunter ğŸ’«,4
Sanjana Madhuwantha,4
Elon Musk,4
blunder bill,4
kì™¸ê³„ì¸,4
Loki Trickster,4
fazel shokati,4
Olliveiro McAllister,4
ThisIsOaryTheFish,4
glass fagner,4
YHK12 Thormamu,4
Hessel De Kraai,4
Rafid Quayum,4
í˜„ì§€ì—°,4
saint,4
DharmaQueen,4
pururut,4
Florian Laumann,4
Pra,4
IDK,4
Advait Sharma,4
Albert,4
Star,4
Chosilog,4
ë¥˜ëŒ€ë ¹,4
Karoni Nodi,4
Plaid,4
mrX,4
Progressive World-JINBO,4
Quronia,4
Scrowny _,4
Slime Man,4
Pose Blue,4
Dr.khosro,4
Pratyush Nigam,4
mark,4
Sarcastic Potato,4
æ·³,4
John Doe,4
Jey Bi,4
Spooky Donkey,4
Ù†Ø¬Ù…Ù‡ ØµÛŒÙ,4
Electronic,4
Moirangthem Bikramjit,4
arkon,4
DreamMachine,4
Chaouki Yahyati,4
Moon,4
Lee,4
Mark Terrence Maranoc,4
SilverWolf9300,4
Walter White,4
Kevo,4
squiggly_whale,4
å‡œå¤,4
Mayday,4
Wenjie Wu,4
Filip Sadowski,4
Ğ˜Ğ»ÑŒÑ,4
JaeHun Jeon,4
Dark,4
WiseTree,4
Julia Gubanova,4
Ben H,4
ê¹€ë¯¼ì² ,4
Anjomar88,4
Hossein Davoodi,4
ê¹€ì¬í˜„,4
Starfishif,4
HG_Xeon_Faker,4
7 7,4
reihane abdi,4
redman,4
FSK,4
MevlÃ¼t Korkmaz,4
Whalyy,4
???,4
Project Carry,4
Real Talk,4
Alejandra Nava,4
kaiser,4
AMER EZAIDI,4
Srini,4
ursula l.,4
ooooneeee,4
Maya maya suman,4
ì–´ë‘ì›Œìš”,4
K Y,4
SKIP,4
Sheryl Holland,4
Zero 0001,4
SWB,4
Omar,4
MOHAMMADREZA y,4
kafnaz,4
Habibur Rahman,4
Youtohd,4
Happy Miel,4
kim 6359,4
Xiuna,4
Allen-Royce,4
Rainbow,4
Auggie,4
payment,4
Sister Abagail,4
Random Guy,4
Trevor Taylor,4
ê³°ì´,4
khorshid,4
Hang Pyeong X HÃ¡ng PÃ­ng,4
IiIi IiIi,4
Jorge,4
Samuel PelÃ¡ez,4
Axle Martin,4
Arun Prasanth,3
loucry81,3
Mar Panganiban,3
jaka,3
Tanner K,3
Danial Plays,3
Anoosh Ahmed,3
ê¹€ë¯¼ì„,3
Konrad BiaÅ‚y,3
Lucifer,3
SumansVoyage,3
Rojan _Gaming,3
Serg Poi,3
JASOBANTA SAHU,3
Heaven Xander Romawak,3
Aditya Sahani,3
SisÃ¡k4589,3
BrandonSingsALilbit,3
Plushy,3
Allisa Stehen,3
IRWP,3
á¹®á¸•á¸€á¸¶,3
Paul,3
Miya Atsumu,3
gamer show,3
chouri_maaj,3
Jovani Jurado,3
Md. Habibullah,3
Arul Rajagopal,3
ë¬¼ë¦¬ì™€ ìˆ˜í•™,3
PixelYT,3
junior gabryel,3
thakrr atul,3
Kingâ§â§Koncordeâ§,3
9G_27_Made Wijanta Ananta Maharthara,3
Shriram Dantha,3
Blood Bath,3
DeepWaterz,3
Anderson,3
TherealLiam,3
Hakim Mihandoust,3
BadArif Music,3
Rinad elsharkawy,3
SFS Atlas,3
Sleepy Elk,3
Jiean Rave Maasin,3
Pleb,3
Raven Perry,3
B'o'oaks,3
Ann C,3
Carla Jenkins,3
El John Mirafuentes,3
notacoder _,3
Paradise,3
tsukinii,3
Laurn Borne,3
Johnny Utah,3
Neal WIlliam,3
Adeesh Garg,3
you fell off,3
s3an,3
Crazy Gamerz,3
Matin Khamseh,3
Nightcore World - Lory5112,3
ML Gamer,3
Tutankhamun,3
M SAMPATH,3
BROOO!!,3
Binary Code,3
Sk Akhtar,3
Ray,3
ë²„ê·¸í—Œí„° BugHunter,3
Usman Arshad,3
Venkat Krishna,3
Intelligence Of Universe ,3
Vignesh,3
Erfan,3
Matt,3
mohammad salari,3
KenPháº¡m1089,3
Nicholas Lee,3
mr.unique,3
GKR gaming,3
ä½•å†›,3
Kimberly Borongan,3
Diganta Das,3
Tech,3
Abel George,3
some,3
Anas Nide,3
Muney Myke,3
Benson Abraham,3
MK,3
MADMAXIME,3
Manuel Luben,3
Amin,3
tarun mishra,3
é»ƒå‹‡å‚‘,3
Vinay Thaker,3
Indian,3
Abolfazl Chobin,3
Ben Dalwood,3
Harry CauÃª,3
Kianoush,3
Gladys Bausing,3
kuchangko,3
Thembinkosi Nicholas,3
Aleen,3
Josh Fredman,3
Sheena,3
CRUEL,3
Fateme Heidari,3
legoshi madsen,3
Xingbo Luo,3
IX1920 Â©ï¸,3
Amir Behbood,3
Michal Padberg,3
Mehdi Panahi,3
Orbit,3
Aman Valodia,3
Rizal Af,3
Shivam Kumar,3
ê¹€í˜„ìš°,3
Kanishk Karhana,3
Delay Lama,3
Vaibhav Narkar,3
Kromokyptians 5g,3
Umer Shya,3
É´á´€á´ ÉªÊŸ É¢á´€á´á´‡Ê€á´¢,3
RT 96,3
wambly mars,3
MEEN SAAB,3
Dr Mahadeva swamy H M,3
Triggeredinsaan,3
Arceus Mewtwo,3
Pandu Kartika Dewa,3
Sameer Khan,3
AKSHAY PRATHAP,3
Rashid MrCK,3
PooPeePooPoo,3
Kamran Emami,3
H,3
harvinder kaur,3
nhecos,3
Alex GaliÈ™,3
Denis Chikita,3
Ğ’Ğ»Ğ°Ğ´Ğ¸ÑĞ»Ğ°Ğ² ĞŸĞ°Ğ»Ğ°Ğ¼Ğ°Ñ€Ñ‡ÑƒĞº,3
Salma Naeb,3
Benyseus,3
FUN BUCKET vlog,3
Jimthefish9103,3
Leo,3
Guinea Piggies,3
Hasitha gayal Ambattaya,3
Isaac Nehmad,3
Spencer Thompson,3
Uzumaki Naruto,3
Rohit,3
Nitin s,3
2crzy4uall,3
Adrian,3
Quinton Jewett,3
BlueBoy1_Yt,3
Bobby Thompson,3
Skimo,3
sayo,3
Sanaz Eydi,3
Tâ€¢Iâ€¢Tâ€¢Aâ€¢N,3
InssFR,3
Arashi,3
Hilmi Putra,3
ì–´,3
Deus Silverlake,3
Suneesh Sunju,3
á„€á„€,3
Manish Curious,3
Aaron,3
Piyumi Hansika,3
Nikhil Kondapalli,3
NiL GUN,3
Nisarg Patel,3
Happyåµ,3
mohammad shafaee,3
Shahzad Alam,3
Mahsa Ghorbanpoor,3
Italo Ivethe,3
Ahanon Uwaifo,3
Disclaimer,3
oc2phish07,3
Naveed Ali,3
Asma Iqbal,3
SamsaGregor,3
sceemer,3
pro gamer,3
Awref J. Aghdam,3
Dilrukshi Dil,3
Matteo Manara,3
Da green Apple,3
XxDUSTENxX,3
E,3
Erz,3
Marvin,3
Egg Man,3
Ben Vars,3
Skylon72,3
Vista longhorn,3
COD.farmehr,3
John Wick,3
Sameh Haidari,3
Sterling Archer,3
Mati,3
PRASHANT VLOGÂ®,3
M N,3
Selma KOÃ‡LAR,3
Gecko Gaming,3
minister,3
Patrick Galambos,3
Randocky,3
vanessa waddle,3
Abolfazl ebrahimi,3
arman khalili,3
Saratoga,3
Aldy Abhimanyu,3
Zohreh Tazssh,3
Zohre Farahzad,3
its that wu tang guy.,3
FuLo,3
Jainil Soni,3
AriZulfikar,3
rahul singh,3
Bhuvan,3
Peter,3
Cooper,3
Tom,3
Nani Fatimana,3
StreamGamer,3
AC,3
Arman funy,3
thadeP8,3
ATiO City,3
Ola Ola,3
Shadow,3
picolicious artistry,3
Ayush Sharma,3
StarBoy,3
mehrabgb,3
amir hossein yaghoubi,3
Felix,3
~preethikgha~,3
Ry3n590,3
Ajay AVSM,3
muhammad saad,3
THE BILLIONAIRE ARMY ğŸ’µ,3
Uneus,3
Grandmaster,3
Vikinieswaran Vki,3
Amir Bi Gazand,3
ãªãã™ã“ã¨ã®ã‹ã¤ã¦,3
Sayur,3
Rabindranath Manna,3
Lastindependentthinker,3
Yuno Gasai,3
Hasan Hasanzadeh,3
Khizar Zulfi,3
Charlie's PlayStation,3
Axel A. Olaviaga,3
Sumit on YT,3
CaptainIcy,3
Joo,3
The 5,3
pegah rakhshani,3
lichtx14,3
Julius Filipino,3
Alireza Emami,3
DAVID GREGORY KERR,3
Subjectá°Zeta,3
Tony-Gaming,3
Fateme f.n,3
N. Ham,3
Ali Zeynali,3
Mariya Zilleha Khan,3
pezzwildchild,3
OolucasoO,3
p_pattedd,3
Hetart Chacha,3
"ozcat, Yejune Yoon",3
nathan leibovitch,3
Anelora Gladius,3
Cole,3
Shaurya Patil,3
OlaxosğŸ‡¨ğŸ‡µ,3
Jared,3
ğ–ˆğ–šğ–™ğ–Š ğ–”ğ–œğ–‘ ğŸ‘€,3
Kennedy Cheruiyot,3
Amirhossein Akbari,3
Tulika Kapoor,3
Sherlocked,3
funmilayo bisola,3
PC,3
LikeeğŸ‘‘,3
alvis suryavanshi,3
ĞœĞ°Ñ€Ğ¸Ñ ĞšĞ¾Ğ²ÑˆĞ°Ñ€ÑŒ,3
Mayank,3
Taylor Bailey,3
Searching for a name :)),3
å®ˆ,3
JcDaniel,3
JRiz32 B.,3
Jesus Barron,3
Farhad7777asgari,3
Life with Ashi,3
Shanmugam Shanmugam,3
Fahimeh Amer,3
ê²¨ìš¸í–‡ì‚´,3
Mas003 Crazy003,3
JayBee,3
Travel to Australia,3
xavier clapÃ©s,3
galaxyvita,3
Smarty Pie,3
-kai-,3
Ø§Ù…ÛŒØ± Ù…Ø§Ú©Ùˆ,3
Durgamallesh,3
Call me n9g0sju5ge,3
Thamara Chakshana,3
Sam Pashi,3
Smith Jack,3
ë‹¹ë‹¹,3
Janry,3
meldarb,3
Mohammad_jk ,3
Kylie Hall,3
Mark,3
Ahmed Habib,3
Josue Pacheco,3
á†_á†,3
Natch Iris,3
zyn,3
ADESHER,3
Jinho Kang,3
SMBH Quasar,3
BlackStarEOP,3
Yogesh,3
ì£¼ê¸°ì„±,3
Jordan,3
Aref Haidari pour,3
Homi hf,3
ari,3
Lohith,3
Thomas LE SAYEC,3
MAGNOM LIMAN,3
BATCRAFT007,3
Ben. Box,3
nancy bujnicki,3
AndrÃ¡s Beleznai,3
OblivionBoss,3
Mind of God ,3
mftv,3
reza rastegar,3
Maria.f,3
Tejal kalaskar,3
ì•„ì¦ˆì•„ì•„ìì•„ì¦ˆì•„,3
hovsh,3
Ruben,3
Tech Enthusiast.,3
Jano,3
New Man,3
Reversed,3
gladiator r,3
ì´ë‹¤ì˜ˆìˆ ,3
Mortaza Hussein,3
Matin,3
ÙŠÙˆØ³Ù Ù†Ø§Ø¸Ø±Ø§Ù†,3
Tega otorkuame,3
Milad NikArman,3
pasta,3
Alex M ãƒ„ Î”,3
Voidd,3
CYRUS THE GREAT,3
FOkebr,3
Jerson Narciso,3
Lulu Aulia,3
Elden Ring 2M,3
HeftyYeti8764,3
Nobody,3
Natural_ Good,3
ORN GAMING,3
Viva la Wissenschaft,3
C,3
Adarsh,3
Rajib Saha,3
Adarsh Pal,3
Little Gregs,3
DRXLO,3
yerramsetti rakesh,3
Blue Water,3
Saharrr Asadi,3
Mahdi Ostadmohammadi,3
Warney,3
yteicosf,3
Bread74,3
Dana,3
Shreker King,3
ZetaFig,3
Fernando Machado Barrios,3
sinema city,3
Metal Galaxy,3
Gavin Adriel,3
Dan Mihailov,3
Muhammad Fachri,3
Tráº§n Há»¯u Thá»‹nh,3
"Amirhossein ""_""",3
saru.,3
Ian Magee,3
Gue Banget,3
Mahdi Bagherzadeh,3
Akash Sharma,3
A Person,3
Thomson Lai,3
ThreeSixN1ne,3
Riverland,3
ì•„ë¡ ,3
are you know my name?,3
[WÃ˜LFÃ—XÃ—MUSTAFA],3
Vicente Gambini,3
lll_ cxz_lll,3
Vitus Ugulumu,3
Sasanian,3
valentin suarez,3
amoeba flamoeba,3
Hyde,3
Tom Frey,3
Ludo Anderz,3
Helma Zareian,3
sajjad hossan shimanto,3
Kenneth Phillips,3
KOUROSH BANDICOOT,3
ì‚¼ì¡±ì˜¤,3
ğŸŒ· Eira,3
Daniel Bobocia,3
David Of Logan,3
Marcin Claude,3
"Toyotomi Hideyoshi,,",3
Emad Yavari,3
seeeLAH1,3
ì–‘ë§ë‘ì§,3
Ye Boi,3
BitağŸŒ»,3
G Rabbit,3
Sachin,3
LNonymous,3
Chili_Oil,3
skilliano,3
Shane Winstone,3
Laughing Cat Meme,3
iPaul Joel,3
Rose,3
mozartube2,3
HOPE,3
Shivam Agarwal,3
Cow Juice,3
Stick Fijibugs,3
Peru Lover,3
FARHAAN AHAMAD,3
Adlynna Akilla,3
Julio Barrantes,3
Marcos Paulo,3
Dr Quantum,3
caelanbob,3
Ali Dahaghin,3
cool1234,3
Chaise Blatchley,3
Shobhit Ranjan,3
Parsa,3
When Gaming999,3
AMIRHOSSIN Baharestani,3
Nasrin_xy_,3
sontha nagesh,3
SHERVIN AT,3
Odading Mangoleh,3
gecko1322,3
awe arr,3
Bahman Hosseini,3
Mohammad Hossein,3
Radharani Sharma,3
A small Remote,3
dZatara,3
Epic CGI,3
Yashar Hajiloo,3
Alexander Bichler,3
Sara Sarwari,3
Amirali Mesbahi,3
Amir84 Reza,3
mahed khosh manesh,3
æœ¨1,3
Boby Mondal,3
Steve's kat,3
fanosha,3
ë£°ë£¨ë ¬ë£¨,3
Geh Weg,3
Princess Aedo,3
Aziz,3
MohammadReza Ahmadieh,3
Annhix,3
xd,3
í¬ëŒol,3
Soumil Saxena,3
Nasratullah Azeem Mohseni,3
lucas rem,3
Aidin,3
Icon Elias,3
cephalopodin,3
hsn,3
Harsh Kumar,3
pubg newstate,3
Vepa Durdiyev,3
Maze,3
ThatOneDad,3
MILAD MIRZAIE,3
Jesse Busman,3
Lit Knight!,3
unknown,3
Mind Sound MS,3
Starship Gazer,3
Bada Bing,3
youb plays,3
godmode,3
film,3
Seth Burrow,3
MetalMatt2510,3
Pete Drake,3
Ù…ÛŒÙ„Ø§Ø¯ Ù…,3
Tape Correction,3
Mohammad Oveysi,3
DR. Detroit,3
N0mad Fernan,3
Bob,3
J H,3
Bhvn Raju,3
Amirhosein Abasy,3
Sky,3
Aritra Maity,3
Prize,3
general potato 4 E art H 48 16,3
Rengga Deny,3
Pacman Deck,3
Pranav Pardeshi,3
Jason,3
Lars Omen,3
toilet gaming 69,3
ë¡œì¦ˆ,3
AminSdt,3
JOCKYNG,3
Taha,3
Hyejinxpiew,3
Majid Saedi,3
HAMRAH ERFAN,3
nima kazemi,3
serious joker,3
Pamuda Jayathilaka,3
Karl Jame,3
PaweÅ‚ Ciupa,3
ã‚ã‹ã‚‰ã‚“ãªã«ã‚‚,3
ì¡°ë¯¸ë¦¬,3
Ğ›ĞµĞ² Ğ¡Ğ¾Ñ€Ğ¾ĞºĞ°,3
Gigachad,3
NO BODY,3
Leomon Juice,3
[REDACTED],3
vj dubey,3
dalewpit,3
Sajjad_2020s,3
ã‚‹ã…ã•ã‚“,3
Amit Kumar,3
raible 95,3
Ramon Rojas-Eisenring,3
sj h,3
ì¡°ì˜ë½,3
Reef Myer,3
â€«Ø±Ø¶Ø§ Ø²Ø§Ù‡Ø¯ÛŒ Ù¾ÙˆØ± (â€ªZahedi8261â€¬â€)â€¬â€,3
Dhanushka Lakshan,3
í˜„í›„ë‹ˆ,3
Reuel Luis,3
Ali Baseri,3
Travis Napier,3
help me for the love of shrek,3
Mr. Whcddczcdc,3
micaaa,3
Traitor Clown 45,3
Leyre FL,3
ğŸAmina Akter shornağŸ,3
ê¹€íƒœê²½,3
f dynamic,3
Jerin Paul,3
ë‹¬ê³ ë‚˜st,3
akshita241,3
Jeff from Ohio,3
Apep Gattz,3
alireza samadi,3
I identify myself as a ğŸ horse ğŸ´,3
gicgregor,3
ê¹€ë³‘ë‚¨,3
Discovery Science,3
Otakuuwh,3
ryhne ghorbani,3
Petra,3
johnthefreeguy,3
NishanthNagulan,3
Clegane Fried Chicken,3
Vlogging Generation,3
Pourya shahjouei,3
Julius Caesar,3
Abhishek Meena,3
Yuyu Lin,3
Derastaman,3
Frank Fomin,3
sajjad,3
Rhences Badeo,3
Soheil Sajjadian,3
Fernando Alanes,3
Arifin Ilham,3
star man,3
Ø±ÙˆÛŒØ§,3
ë°”ë‹¤ê°™ì€ ë§ˆìŒ,3
Dave,3
Atomic Bonds,3
Amirali Farrokhi,3
ã‚­ãƒ£ãƒ«ğŸŒ™,3
Saleh Hejini,3
Gascoigne,3
TekBorg,3
Mahsa Ght,3
hiva kourd,3
Arya Ghanbari,3
Yegane Emami,3
ë°•ì„œì§„,3
Prasanna Kumar,3
Eric Eggermann,3
Alex Smith,3
Abouzar Bahari,3
Î±SÏ„ÏÎ¿_Î—ÎµÎ”gÎµÎ—Î¸g,3
Grace /,3
helen marnie,3
í† ê¹½â™¥,3
Reyi,3
Sha M,3
rashid anvari,3
Ramin,3
Akhdan Zaki,3
Lord Adamantium,3
AROMATiX Official,3
sahra abshir,3
mohamad ap,3
Kalim Ansari,3
ì‚¬ì‚¬ì„¸,3
Nuria Garcia,3
Stefan L,3
luqmananta,3
THE SHIVÎ›NSH,3
amir reza falah,3
Mumu,3
chach Alex,3
Sam Telen,3
Muzamil mathers,3
Michael Cutcher,3
Wandile Mngomezulu,3
Christopher Na ì‹œí˜„,3
TheApoGee,3
Alberto Tribaldo,3
w d,3
Arnold Masamba,3
b,3
Aaditya Mangalam,3
Khalla-Cmp,3
Pranav,3
Aravind Sk,3
ë¹„ë‘˜ê¸°,3
Ù¾ÙˆØ±ÛŒØ§ ØªÙ‚ÛŒ Ø®Ø§Ù†ÛŒ,3
Oxide,3
Alex M. N,3
sobaramune,3
Shahab Ghebleh,3
Chhaya Kankariya,3
Zingchar KC,3
Arash Jobor,3
Heartless lifeform,3
Armendhammer,3
tao mi,3
maryam hashemi,3
RAJU SHARMA,3
HoLiM J,3
maziar abbasi,3
Ø§Ù…ÛŒØ¯ Ø¹Ø³Ú¯Ø±Ø®Ø§Ù†ÛŒ,3
master.Alireza,3
J.s,3
á á´‡sÌ¸Ñ‚Ê€oÌ¸Êá´‡á’à¿,3
Chong Lee,3
navid tavakoli,3
Lawntu,3
Free time,3
HadesXY,3
Eukene Regueiro,3
eternal infernal,3
Thenuka Lanka,3
ADM321,3
Dar,3
AmiR GH,3
Franz Janelle CapariÃ±o,3
Grant Exploit,3
amin,3
Gustavo Oviedo,3
theswayzeexpress1,3
Jacob Henriques,3
flame XD,3
HoDeokí˜¸ë•,3
W I L L E M_ NN,3
Yuna K,3
Nadeem Bava,3
Rocky,3
Farid zamani,3
Dragonax,3
ahmad ahmad,3
InfernoPanda Gaming,3
tr1xz,3
Bryan,3
CrimsonPixel,3
potato,3
Khang Nguyá»…n,3
WARRIOR NEMESIS,3
Derya MoralÄ±,3
íƒœê·¹.,3
Mohan Pandit,3
Conttrol Gaming,3
Tanmay,3
Ali Hoseini,3
Amir S,3
JaeX3V,3
í•œìˆ˜ë¹ˆ,3
Wolfe Bunta,3
Blessen Mc,3
Omega,3
RDS,3
Amin Raheb,3
Keep Concentrating ğŸ™ğŸ¼,3
Max F,3
RUDRA,3
Devil,3
Harambe,3
Mibin Sobati,3
Cloud,3
ahmad reza alem,3
Lee Keith,3
William Peng,3
Sara-Kim Moran,3
ì •ì£¼ì°¬,3
EagleBear Mictlanxochi Alvarado,3
Johannes Obers,3
ê³ ì§€ìš°,3
Lakshay Bansal,3
Ross Wallace,3
celina,3
Reyhaneh ff,3
Cornbread,3
RITHUVARNA K M,3
Vennila Thevandren,3
BBBBBBBBB,3
Anonymous,3
Neto Barros,3
Boo,3
Samuel Putro Adi,3
Dvscds,3
Laz3r Storm,3
VIKAS DHAWAN,3
sharda mishra,3
Outlawz,3
yasin irani,3
Django Freeman,3
Z,3
Roberto,3
Shah,3
Barred,3
Artem Katerynych,3
Nynexx,3
Ryuk,3
Dikky,3
Ø³ÛŒØ¯ Ø§Ø¨ÙˆØ§Ù„ÙØ¶Ù„ Ù…Ø­Ù…ÙˆØ¯ÛŒ2,3
mohammad amin sadeghi,3
Noah Force,3
hi,3
Furious Bomber,3
Soh Ail,3
h_ception,3
Aleksander M,3
Chan,3
Doge,3
Oh no,3
DrDerp,3
ê¶Œí˜œì„±,3
Jmnipun Madusanka,3
SFS Forge,3
jcvc2011,3
iiFares,3
xarnate 999,3
Tommy Kase,3
Rendezvous,3
Hennessy,3
ã»ã—ã®ã²ã¨,3
Jay Sea,3
Exzol _,3
Vijini Kaushalya,3
Erfan Ghodsi,3
Uranus,3
Banana,3
é˜¿æ¯”æš¹,3
Dracula,3
JY45,3
Joe,3
zeus,3
Boris,3
Thalyta PaixÃ£o,3
ê¸°ê°€ë…¸ìŠ¤,3
Damian Harvey,3
Gaurab Gain,3
Logen Ninefingers,3
Jericho Ventanilla,3
Vincent,3
Farel Hernanto,3
hmmm205 & BduGyy,3
ë°•ì •ìš°,3
AREF,3
Seema Choudhary,3
Tallinn Bruce Lee,3
luckynumber,3
ABHISHEK,3
Rex James Pinili,3
í™ì“°,3
Schildformel,3
ë¯¸êµ­ì´ë¯¸ë˜ë‹¤,3
Fateme Fd,3
negar vatankhah,3
Ritesh Chouhan,3
doyoung choi,3
Epic_Cheese_Cat,3
443346,3
Proxima Centaur,3
Username42,3
Tim Silveira,3
Kamil Przespolewski,3
Girish,3
Abhinav Dash,3
Alex Zachary,3
Brenoã‚·,3
æœçš®è™¾çš®,3
patridzk,3
Rosa Mohammadi,3
BSIT-2 Radchem Manzano,3
preslav jankov,3
Phoenix,3
KINGGAMER,3
R S,3
ã¡ã‚„,3
Ketose,3
lee,3
ROBACE1998,3
ë°•ì§„ìš°,3
To Kai,3
elyas mogadas-t,3
Rook420,3
ê¹€ì˜ˆì¤€,3
Sandaru Muthumala,3
ZercaJ,3
K B,3
Kyle Thompson,3
ì‚°ê³¨ì§œê¸°ë‹¤ëŒì¥,3
Jalim Singh,3
Mathias Costa,3
MrGrombie,3
ë ˆë¹—ì˜ê²Œì„ë°©ì†¡,3
ë°˜ì•¼,3
:D,3
Luke Jezza,3
Funky Cold Medina,3
yvngkxdes,3
ì¥ì¬ì˜,3
RAF's Aesthetic,3
Joshua,3
Coenraad Loubser,3
Michael Travica,3
SPACEBOY,3
íŒŒë€ìƒ‰,3
Study Time,3
TheNexusSix,3
Kizraxus,3
YEETGAMING YT,3
Racha Sinchan,3
Zero Zed,3
Rowan Daly,3
Aevum Logicae,3
Myrna Bergen,3
Yuyang Zuo,3
FMPIRE (Farrukh Mubeen Mataverse Gaming) ğŸ‡µğŸ‡°,3
Metabun,3
Yumeko,3
Sanjaya Bandara,3
Werc,3
Armas Ingesson Mantsinen,3
Abhijeet Singh,3
Maria Luiza,3
Ilia Adabi,3
Geun Ho Gu,3
Kae Eberhardt,3
N.R.Gunne,3
Cnith,3
Kmelott,3
Box Manatee,3
Psylenka,3
Justienred Jordas,3
master mind1 ,3
Sankuuu,3
One-Up,3
VIANA,3
Kynan Ward,3
Extra Best,3
Andy Osei,3
ã‚ªãƒ¼ã‚¯ãƒ¯,3
Ø«Ø±ÛŒØ§ Ù†Ø¹Ù…ØªÛŒ,3
Some Random Person on the Internet,3
Voivodsu,3
Alibod,3
M Arif,3
Maede Sa,3
Z D,3
Fairly Reasonable Investor,3
M4mm4n,3
necessary,3
String[] args,3
Papa Razze,3
Big B,3
Relaxing Nature,3
bhagat ghuman,3
Ritesh Elango,2
YURI CARVALHO DA SILVA CARVALHO,2
Fucked up God,2
Jaguar_Cod,2
Aryabrinth Chakravorty,2
Tired,2
Peiness V2,2
Sarvagya Srivastava,2
Ahmad Ezzeddine,2
Shaman Walia,2
Veena Kaimal,2
ãƒ“ãƒ¼ã‚«ãƒ¼,2
Paul Bryant,2
baby inosuke,2
krishna chinthamani,2
thenos 03,2
mim_mim,2
Sanpie,2
CiheimB,2
Jason OH,2
Arivi,2
haryu Kerio,2
Sagar thakor,2
Gud Boi,2
ĞºĞ°Ñ€Ñ‚Ğ¾ÑˆĞºĞ°,2
Furkan Ã‡akÄ±cÄ±,2
COMEDY FROM JK BOY,2
Jagruti Bhattacharya,2
PhilipPotter,2
Raunak Raj,2
AJ,2
dossaddict,2
ok,2
Sepanta,2
K. Ranasinghe,2
manisha,2
Levent KÃ¶k,2
Harry,2
Orobas,2
Qozwick,2
Jeff The Deaf,2
Nicholas W.,2
BoÅ¡tjan Kerman,2
Sheeraz Ahmed,2
Instrumental World,2
Sanu Dangol,2
captain685,2
Camilo Acevedo,2
Spider.ap_,2
FlootGuy,2
Jellysahu,2
Star sailor,2
Sean Durham,2
Dian Aria Ningsih,2
md fs,2
Rayendra Sathya,2
Abhishekh CK,2
ğ™±ğ™·ğ™°ğšğ™¶ğ™°ğš… ğŸ™,2
swag mullenix,2
Nikola,2
Solar Radiation,2
SHANE,2
AARVI SHARMA,2
Deepak Mane,2
sike,2
Avinash Rakhunde,2
Stanley West,2
Sergio,2
Francesco Tommaso,2
Astrophile,2
Kuiper,2
Pirouette,2
Pranav Srivastav,2
deformed sea horse,2
Erica Jaine Mestre,2
Maide YÄ±lmaz,2
Ari Ari,2
Makise Kurisu,2
JIVAN_GNAWALI..ğŸ™‚,2
Matt Walker,2
Saeed Gerami,2
ìˆœëŒ€ë³¶ìŒ,2
Mikael MeyerhÃ¶ffer,2
TECHJYOT,2
LightningCodi,2
Blimolhm,2
Mehdi,2
Aarkestra Club,2
í•˜ì€,2
Vikram Adhithan,2
Rimuru Tempest,2
crazy for life,2
Gazia Rifa N,2
í˜•ì£¼ ìµœ,2
RANA THAKUR,2
Kayhan TANRISEVEN,2
superjokerrr,2
Vanta DARK Humour,2
í€˜ì´ì‚¬1004,2
Morfarson 8,2
Ed Crisnal Anarna,2
ì´ì¬ëª…,2
Ann,2
Seonbong Lee,2
M&A WORLD,2
TÆ°á»ng LÃª,2
Ğ˜Ğ²Ğ°Ğ½ Ğ¤ĞµĞ´Ğ¾Ñ€Ñ†Ğ¾Ğ²,2
King Faisal II Communist League,2
Jeef,2
Hazel Salas,2
Arshan_zx9,2
Äáº¡i Ã”ng,2
BAJRANGÃ—SAMA,2
Who Am I ,2
Arnik Mal,2
agno be,2
ì‹œë¹„ëŒ€ì¥,2
Rembrandt Vonk,2
mech arena,2
sun a,2
fleku paschal,2
Eugene Catapang,2
Khoerur Rozikin,2
Ahmet Karatay,2
ì†ì˜í˜„ Son Yeong Hyeon,2
Jahmar Archer,2
Jon Doe,2
Haavard,2
Soumitra Joshi,2
BROFIT,2
GÃ¢mÃ­Ã±g kÃ®Ã±g,2
Pax Americania,2
Eva Sykora,2
ItsPigeon,2
Rahman Badiani,2
alianfoxre,2
Chad,2
Farin Tabatabaee,2
HunterMB,2
Tatar NÃ¶ker,2
ì‹¬ìˆ˜ì´ìš”ìš°,2
Alireza Abdolrezaee,2
Branden J,2
Santosh Pant,2
Abdalla Albassam,2
TR AP,2
Sandhya rani Bhuyan,2
thedirty530,2
Azio,2
George Asisclo,2
Ishan,2
ì´ëª…í›ˆ,2
CRUXSC,2
Marcelo00,2
me 3,2
WiebeKnurd,2
Norbert HÃ¶rnyÃ©ki,2
Awnish Kumar,2
SimyacÄ± Kaptan,2
Andrew 3036,2
Krish,2
Eccentr3c,2
Abhijeeth Prabhakar,2
yoshiboy619,2
Zeenat Perveen,2
Fazn,2
Yasmn Naghipor,2
JoniYNC,2
fantasyZ,2
Thierry Carvalho,2
Deev,2
FBI-Fipo,2
Rohit Kumar,2
Nanda Vractiya,2
In ACircle,2
Blastmaker,2
tank52086,2
PlanetCypher,2
Mark Vman,2
Althaf,2
BCH,2
Lonely_boy,2
xdding,2
Beautiful,2
asdf123311,2
vp mathur,2
Peter van Dam,2
Chanelle Swanepoel,2
Hazardsâ„¢ï¸,2
Korea,2
Kevin Moses,2
Bayu Pamungkas,2
sinem,2
Naveen Lokesh,2
Iman Rajabalian,2
Sheridan Gmail,2
ë ˆë“œë¶ˆ,2
ê¹€ë³‘ì² ,2
Vlad,2
Henry,2
Ekannsh Anand,2
Candra Wijaya,2
Konrad Stalski,2
A Zahedi,2
Grand3R,2
LOIBI CHING,2
shailesh solanki,2
rosi3e,2
HELiP Official,2
Shina,2
JUNI0R,2
KirieXen,2
AmericanChestnutTree,2
boboik123,2
Giannis,2
hriutik Sawant,2
Nobita Man,2
Sinse Takesihoda Adventure,2
Alexandru Curtusan,2
Palvir Sihota,2
Greg,2
Diro a,2
Joe Wolf,2
Atha Sirajudin,2
Azure,2
ãƒ€ãƒ–ãƒ«ãƒŸãƒ³ãƒ„,2
Mira,2
Stefano Ste,2
Ana Carla Lopes,2
Zia A,2
junior junior,2
ĞĞ»ĞµĞºÑĞµĞ¹ Ğ ĞµĞ²Ñ‡ĞµĞ½ĞºĞ¾,2
Platypus,2
MegaMadlex,2
MINKIN2,2
niosha motiei,2
Cosmic vibes,2
Rajveer kanojiya,2
FN2T,2
Cygnus Madrose,2
Kepler 186f,2
Cena gharib,2
Diego Velez,2
Psych Monkey,2
T- 115,2
Sami Selim,2
OMKAR 369,2
BLADE,2
Amirmohammad Moradi,2
funny videos,2
mahdi012,2
Yash Shah,2
N..itruss à¼,2
joe uri,2
Juanito Kusuma,2
Donatas Rudaitis,2
Sara Hsu,2
Turtle Rabbit,2
Aspirin47,2
Induka Kumari,2
Bacon N Eggs,2
HayamiMusical,2
ì •ë¹ˆ,2
way into universe ,2
Evans Mburu,2
Ur 420Queen,2
A.X. Marcus,2
tturi2,2
vexmane,2
Istore Bh,2
Prog,2
Shweta Singh,2
Dzaki Alfawwaz,2
Nidula Dilumin,2
R. Ys,2
Legacy75,2
Khalil BenAissa,2
Quantum Cosmos,2
Spyro,2
Ameer Ali,2
NoWayOut,2
Toujours pas Philosophe,2
lil lexÃ¡,2
Raj gamer,2
"im god, ok",2
Shreya,2
Rider Life,2
Rakka,2
imSKYLAND,2
rr rr,2
muzammil anwar,2
Forest King,2
Sniper014Tv,2
Munendra Kumar,2
The End Of An Error,2
Mikasa Houtarou,2
Pluto.,2
Lucky 13,2
Dragon LKS,2
Taha Dehghannia,2
Will4May,2
Edgar Ortega,2
itsolo:,2
Pedozzi,2
arefeh chatraei,2
Shawn h,2
Jesphyr Bajo,2
Ankit kumar,2
Somasree Charkaborty,2
ABHYA YADAV VLOGS,2
Festus Kiriithi,2
VAKRATUND STUDIO,2
1907 TR,2
Milky Way,2
Patt,2
Sai,2
Larry Kwartowitz,2
Jim's videos,2
Izin,2
Flo,2
MIH!î˜ ,2
Prince,2
Ambition,2
Sasan Sasani,2
estoria,2
Dan,2
Amin Irajzadi,2
SRUTHY K S,2
Jersey no. 18,2
Yuanyan Chen,2
Shepher.,2
Ganga Kumari,2
Janhavi Joshi,2
Philipp,2
ghazal ,2
Matthias,2
Unknown,2
Ty,2
AayuADi Amit Choudhary,2
Atharv Sood,2
Jacob Saunders,2
IOADKOH,2
What I eat in a weekâ€¦â€¦,2
Sofia Salma,2
jose soto,2
Paul Cosentino,2
2KWâ€¢KACHHRA (Tarun),2
Francis Abiera,2
PaSiYa.21,2
Shruti Ranjan-147,2
The Journey by Harmann,2
Sajjad Z,2
ItzzNeo13,2
Duwal Ali,2
Ryan Romero,2
clipper,2
Blueskies Space Technologies,2
Oleksandr,2
A. Ray Mizar Ade Putra,2
Kshitishwar nath Pandey,2
Yesh Dahiya,2
Laci Cs.,2
Chiara Novi,2
Kaif Anwar,2
Jerayno Holder,2
Abhay Page,2
Some Guy,2
SB3,2
Beliefish,2
ì¿¼í‹°í‚¤ë³´ë“œ,2
Jackie,2
Argon David,2
Nishit Anand,2
Lalit,2
Nengshi Aier,2
Tharuka Wijemanne,2
abcdeisthekey Gaming,2
ê¹€ë°¥ì™•ê¹€ë°¥ì²œêµ­,2
Lee Riches,2
Talha Siddiqi,2
Norris Mckay,2
VeNoM,2
Lightnin,2
Sidthecrazy,2
Elimirien Falas,2
eskim204,2
CauÃ£ Divino,2
NOURA ,2
Sunathra Fonseka,2
Iz Kandar,2
ìŠ¤íˆ¬TV,2
Ritesh Rajput,2
Danijel Cadez,2
Akash,2
justspaceandreams,2
Funny gorilla,2
ouss,2
MFTSenpai,2
Cello7819,2
PB N03L,2
Minhaz bro â™ª,2
Soroush 369,2
I'm the captain now,2
John John,2
Bhaskar Roy,2
Yashovardhan Arya,2
5204 Anika Agarwal,2
Marinete Maria,2
Key Lim,2
CAMELOT331,2
dookoos,2
AlbÃ©ric,2
1 2,2
Henning Nilsen,2
Rizum Astronomy,2
å‹‡æ¬¡éƒ,2
Faza tod,2
FF Zeeshan YT,2
KASHIF SHAH,2
Pauline Miles,2
Jagdeep Photography,2
Agent Anonymous._.,2
Fergus Moorhouse,2
Nostalgie Lets Plays,2
Arlene Rapisora,2
John Agawa,2
Harshit Agrawal,2
James TL,2
Davin alexander,2
Cato Cheshire,2
kar imen,2
Ethan SÃ¡nchez,2
Táº¥t Tháº¯ng Nguyá»…n XuÃ¢n,2
Astro Boy,2
FxRome,2
ãƒˆã‚­,2
Zyven local Tv,2
Ank,2
Kb Kabbo,2
Bintang,2
Rahim TurkğŸ‡¦ğŸ‡¿,2
lucky jangid,2
sathish kumar,2
kafi mohammedfateh,2
d r,2
Elanticristo696,2
JC Esguerra,2
SENSO BAZCAR,2
Travisd simmons,2
Khachik Sahakyan,2
Reinhardt vd merwe,2
ì—íƒ€ì¹´ë¦¬ë‚˜,2
Parham Behtash,2
Hamide Bolu,2
OldManJenkins,2
mahyar uu,2
Abtin Bayati,2
Vish B,2
â€¢!!!â€¢ Mâ€¢1ZD,2
Junliang Lin,2
ADITYA SAHU,2
BLZ UDAY,2
ë°•ìˆœìš©,2
Blackfirex3213,2
S o 1 a r,2
Bradley West,2
Freya,2
emi ans,2
Derek Smith,2
ÙØ±ÛŒ ÙØ±Ø§,2
ë‚¨ìš°ê²½,2
ì˜¤ë ˆì˜¤,2
RishiBoiiii,2
Weapon X,2
mhmd,2
Khola Khan,2
Vaibhav Chavan,2
Madhesh Cinematic Universe,2
sanjay yadav,2
Paulgmski,2
à¸§à¸´à¸£à¸´à¸¢à¸° à¹€à¸£à¹ˆà¸‡à¸¨à¸¶à¸,2
ê¹€ì„±í˜¸,2
Aristotle L. Castillo,2
Aditya Srivastava,2
Saeedeh Solaimani,2
SWARAJ XII A,2
Joshua Winkler,2
Gregor Grzegorz,2
Fadlan Al Faraby,2
vb,2
B.G.2,2
32stevo,2
UraniumWolfy,2
Ø¯Ø±Ù†ÛŒÚ©Ø§ Ø¯Ú©ÙˆØ±,2
omkar ahuja,2
senseofnickels,2
Hasan,2
æ¼¢æ£®,2
manuel haribo,2
MajorTugBoat,2
Sanb Bans,2
sriram sripriya,2
NÉªá´‹ÊœÉªÊŸãƒƒ,2
ì°¸ì™¸ë°°ê¼½,2
Nityanand sroj,2
"Mungkorn""Chanel TMğŸ",2
arash irani,2
Yuuuki 2,2
ğğğ¬ğš,2
Benjamin Smith,2
Pasan Senevirathna,2
00000000000101010,2
LIVING IN 2077,2
S J,2
Mathsworld,2
Kanaã‚«ãƒŠ,2
Abhinav Bharadwaj,2
ã‚¿ãƒ ã‚¸ãƒƒãƒ‰,2
rÂªmÄÄ“v,2
Eric Dan Caido,2
Ø¹Ø±ÛŒØ¨ Areeb,2
O T,2
Mr. Y a m s u o,2
Upmanyu Chaudhari,2
LegenDUST,2
Tuan Pham,2
Rehan Sarkar,2
Alohomorovich,2
í™©ì œí˜„,2
hamdan muhammad,2
T&K THE BUDGIE,2
Macxermillio,2
Antiii,2
SS Kim,2
Roast beef,2
Bdsn Dnndn,2
Eshaq Haidary,2
Soumitra Dass,2
Amar Fadayie,2
Noice boi,2
Werner Heisenberg,2
Bangtan Livi,2
Enes Koral,2
Berke,2
maniac memes,2
Ù…Ø¨ÛŒÙ† Ø§Ø­Ù…Ø¯ÛŒ,2
Rolnik LwG,2
Busta,2
í˜,2
Luna,2
Hana,2
dmcdevils,2
Antero_GL,2
Truth Wisdom Knowledge,2
Nichole and Marinel Vlogs,2
Legion,2
Lucas,2
Aneri,2
ido,2
Benny Wadell,2
Mohammadamin jalalian,2
Leonard Kno,2
pitvhblack,2
Ê€á´œá´‹ÉªÊá´‡,2
Paul Eche,2
Eulalie Chaucer,2
zak,2
Usha Suryavanshi,2
ìœ¤ì§„í˜„,2
ê³°ê³°ê³°,2
Maha Abonajmi,2
Call me Zaki,2
LORD BOREAS,2
Shikhar Massey music,2
shiwam karn,2
Drew,2
gnarlyandy1,2
Eli,2
Cesar antony Ramirez Loa,2
Sanji rebaixado,2
sara nikfar,2
Fero Bednar,2
ê³ ë¡•ì´,2
yamete_kudastop,2
Egg,2
Sergio Villanueva eseverri,2
jan,2
ThInK WiTh AMAN ,2
Cheese Lord,2
chaoslab,2
VorteX,2
lrcw,2
First Name Last Name,2
A u s t u m e,2
Mark Bass,2
Mazhar Ali Sardar,2
Matthew P,2
JoHi,2
BATMEEZ,2
Saurabh Kumar,2
MISS PREMA,2
Taha Samadi,2
kim kevin,2
G-Robotics,2
ê°“ê°“ë°”ë¦¬,2
Turner k1,2
Asad Mohamadzadah,2
Shobha Mishra,2
Rizky K Official yt,2
Shoaib Akhtar,2
Twilant,2
Blitz Weeber,2
yo,2
0208_LÃª Anh LÃ¢m,2
Aku Siapa,2
Robi Jacob Samindao,2
gokulnath g,2
sushant verma,2
Rojin Yousefi,2
Kim Leon Weigel,2
Future Training,2
The Q,2
Shelly Shell,2
Blazee,2
PSP ADARSH,2
AsamGaram,2
A T,2
OsorezaN7,2
ê°€ë§ˆìš°ì§€Gamauzi,2
Surender Kumar,2
varghese george,2
42 10,2
Volkan Sancak,2
Akshay Kumar K,2
chill time music,2
Markella Paris,2
pug_,2
E lonmusk,2
ĞĞ¼Ğ°Ğ½ ĞÑ…ÑƒĞ¼Ğ±Ğ°ĞµĞ²,2
Muggles Cake Sniffer,2
Akmalf0803_,2
Aditya Putra Hendryan,2
Monsoir Alexandre Martin,2
Mano Rueda,2
Jesper Sitell,2
enrique chicoy garcia,2
tMBv,2
hamed y_y,2
Rx,2
Annie777ğŸ‡¦ğŸ‡º,2
Kamini Chopra,2
GOD L IMMORTAL,2
Sunil Mistry,2
Dilip Dongare,2
dutilp,2
Ashutosh Rana,2
Joe Moer,2
Evelyn Margot,2
Hydromic,2
KRitaN~,2
Anwesha Borah,2
Samrat,2
Vihren Matev,2
ArEssKay,2
EffSola,2
A J,2
Tal Kfir,2
Clashquest Zocken,2
mahan asgarpour,2
MaurÃ­cio Cesar Vieira,2
Tamil. py,2
M Abrams,2
Great Universe,2
"Rodavia, Ezekiel C.",2
à¤°à¥‹à¤¹à¤¿à¤¤,2
Jeffrey Blue,2
Peter M. Kooiman,2
The Three Mulleteers,2
David Nightingale,2
humanity positivity,2
Farha Naaz,2
Gisele Paulino Anastacio,2
Mary,2
Bastien sens-meye,2
The Kingstar,2
Mokoepa,2
Joban Singh,2
Vincent Kipchumba,2
Mrinal India,2
Y.Tony11,2
PiratedGenes,2
Smart Boy,2
Muzrikulandulajevon,2
Hello,2
Philip Talika,2
joyfulcarrot1604,2
Varun Raj,2
Spz,2
Poonam Trivedi,2
Ricardo Lima,2
-sista-,2
Ø¢Ú©Ø§Ø¯Ù…ÛŒ Ú¯ÙˆÛŒÙ†Ø¯Ú¯Ø§Ù† - Ø¢Ù…ÙˆØ²Ø´ Ú¯ÙˆÛŒÙ†Ø¯Ú¯ÛŒØŒ ÙÙ† Ø¨ÛŒØ§Ù† Ùˆ Ø¯ÙˆØ¨Ù„Ù‡,2
Nightmare Is here,2
Antonio Lopez Saco,2
shriyansh pandey,2
Ryfzen,2
ì´í˜¸ì¤€,2
The BrainSaurus,2
Tomas Garcia,2
Zouhair HD,2
Fusion,2
Lutfiah Aziz,2
*fatima *Ø§Ù„Ù…ØµÙ„Ø§ÙˆÙŠÙ‡,2
Kids life story,2
ğŸŒ¹Emerald IranionğŸŒ¹,2
Ñ€Ğ°Ğ´ÑƒĞ¶Ğ½Ñ‹Ğ¹ Ğ¿Ğ¾Ğ½Ğ¸,2
Jason Tong,2
tricky,2
gurjit singh,2
A M,2
Sogol Khalgh,2
Christian Orsa,2
Artyom Veksler,2
CorvusGlaive,2
Karan Kumar,2
Nauris V,2
Peter Xu,2
Pranjal Maurya,2
Zerco Gaming,2
azzhk,2
zhiar molani,2
Ali L,2
Genius wand,2
WhatsApp Status,2
S P,2
fjuty,2
Sanaur Rahman Vines,2
Vyaang Gan,2
kenrick johnson,2
Marko,2
Steven Barclay,2
farhad akbarpoor,2
Khimitsu,2
Navnit Gaming,2
Semper Sto,2
Mikko Kivioja,2
DJâš¡ï¸GEE,2
ibnu aziz,2
Umang Sachdeva,2
Rehmanyt,2
DutchVII,2
LuÃ¢n Lucas,2
Manu,2
Datablaze,2
wonders of science,2
Nancy Stultz,2
RIANT,2
Tom Sambeth,2
Sergey RaVeN41k,2
KNIGHT TOXIC YT,2
Hamid Reza,2
J k,2
Exonoimos,2
xXKrisXx,2
Dubai Vloggers,2
Free Football (NR),2
Priyanshu saini,2
JerkySwiner215,2
Johnson Abraham,2
Kegan Rhode,2
anonymous stout,2
Xertz.,2
Amir Mohammad Ghadimi,2
Bintng,2
Mamareza,2
mohsen goodazri,2
ğ—¡ğ—²ğ—¼ ë„ˆì™€ ë‚˜,2
lwmon lime,2
Xillencer,2
Rhino with green pants,2
JEFFRY ABELLA,2
KAPIL DAGAR,2
Beto Tandoc,2
eksium deus,2
Mitsa Original,2
Slimproz,2
Fugi ke papa,2
Zenruh,2
Zahra Karimi,2
aoudjit78,2
Krishna Kumar,2
Saitamafansamk,2
RAJAPPAN,2
Anima,2
almostsomebody,2
nah-tah-ni grillett,2
ìˆœí•œë§›ë¼ë©´,2
TrainsRcAndMore,2
Pepper,2
Sahar Ilatmanesh,2
PumpKiN247,2
ĞĞ»ĞµĞºÑĞ°Ğ½Ğ´Ñ€ ĞšĞ¾Ğ»Ğ¾Ñ‚Ğ²Ğ¸Ğ½,2
Dhurjoti Mazumdar,2
____________________,2
vindar12345,2
ì´ìˆ˜í™˜,2
Sundram singh,2
PlushieManiadoesnot,2
Anik Memes,2
Mahdi Ziyafati,2
parmesiven valaydon,2
GUNMKILL,2
N45HT,2
M P,2
G-DRIVER,2
Andrew Vato,2
Leafy.,2
kanhaiya gupta,2
THE Judge ğŸ•‰ï¸,2
Rikka-chan,2
Mahmodol Rakib,2
Mars,2
CodesX Shark,2
fahimeh._. valian99,2
Bhargav Sharma,2
ã€A R S L A Nã€,2
Manse Duzak,2
arad zakeri,2
lachilai,2
sina hamidian,2
asd faasf,2
â€¢_____â€¢,2
Rita Patranabish,2
Vaibhav,2
Pizza Warrior,2
Shashank Reddy,2
Pasang D Gamer,2
ë™í—Œ,2
BaDZ,2
ê¹€ëª…í˜„,2
alireza basiti,2
Mr. MG from Asia,2
ICEICEICE,2
Mohit Meena,2
CHETHANKUMAR BALAJI,2
M S,2
SCHOLARS ,2
Amit Singh,2
English Outlaw,2
GAMENET FOUR,2
Akshay,2
Andrew Bruticimus,2
hep,2
SIR YES lii,2
citra Tami,2
Ranjeet yadav,2
Jason Raney,2
Aqma,2
ngapalu,2
Sajjad,2
unkown,2
faisal sbeih,2
æå®ˆä¸­,2
Rob,2
haqnavaz,2
Cat the comment bot hunter,2
Christian Duerig,2
wafula raymond,2
changning mi,2
Jeremy Galloway,2
star wars productions,2
Johnny Chowder,2
Pi0trix,2
Marco AurÃ©lio Esparza,2
Donovan Crook,2
Noah Djeri,2
ØªÙˆØ±Ø§Ù† Ø¹Ø¨Ø§Ø³ Ø²Ø§Ø¯Ù‡ Ù…ÙˆÙ‚Ø±,2
KranÄan,2
Sahil Naskar,2
Ali khani,2
gerybarmettler,2
Hamed kia,2
ğ–»ğ—‹ğ—‚ğ—Œğ—Œğ–¾,2
Learn With Shuvo,2
mobin abdollahi,2
Wait ming,2
Mohammed Nazal,2
Christian,2
Ronit Kumar,2
Deepak 5156,2
Ğ˜ÑÑ‚Ğ¾Ñ€Ğ¸Ğº Ğ˜ÑÑ‚Ğ¾Ñ€Ğ¸ĞºĞ¾Ğ²Ğ¸Ñ‡,2
broken burrito,2
ipshita singh,2
Dee Queen,2
Ehsan Azhdari,2
í‡´ê·¼ê¸¸íˆ¬ìŠ¤í…,2
XMarjo REAL,2
Dennis,2
Marcia Bevilaqua,2
Hemanth V,2
è€…å“¥ . CN,2
Spinostuff,2
Sakshi Hiremath,2
Alfred Tam,2
Chopper,2
Kotor,2
á·á«á»á¯ á·á·á¬á â€â€,2
SZN,2
Bboy JMillz - G2G,2
Karthik G,2
Rumbod Ø±Ø§Ù…Ø¨Ø¯,2
nesa1126,2
Mac Christian,2
Kyle Butler,2
Saim Bhat,2
Daniel G,2
natbee56,2
Mohit Vyas,2
Jinder Kaller,2
John Dyer,2
Chris Kelver,2
LachlanC,2
Juan Ignacio Santoro,2
SeggesvÃ¡ri Lajos,2
Teo Mcam,2
David Adeyemo,2
Sajid Ali,2
Ğ•Ğ»Ğ¸Ğ·Ğ°Ğ±ĞµÑ‚ Ğ‘Ğ¾Ğ±Ğ¾ÑˆĞµĞ²ÑĞºĞ°,2
Planted barnacle,2
Jason Advento,2
John Owusu,2
amar singh,2
Yuri,2
Mohammad Hadi Kohkan,2
Mohammad Naqdi,2
æˆéƒ½å®½çª„å··å­,2
ğ’€ğ’‚ğ’”ğ’Šğ’,2
Zhong Xina,2
Jose Rogerio Rodrigues,2
jae-hyun Kim,2
Kalyan Didla,2
Amir Ali,2
è€å´”çš„è´¢ç»æ±Ÿæ¹–,2
maede.9128,2
callum burke,2
Mohammad,2
PN HYDRA,2
Mohamed Youssef,2
Gossef Kalbuly,2
tesukuru,2
Theo RixLux,2
yÄ±ldÄ±z Delazad,2
Rahiez Gasieta,2
Rio,2
Gail Jimenez,2
sina hoseini,2
Nieva,2
Federal Bureau of Investigation,2
Jerson Grieco,2
Durgesh,2
OP GAMING,2
Amir Ali xox,2
Gá—©á—°á—©Yá‘Œá‘,2
Ad ne,2
modern taking7,2
MSK 5,2
rspoblete01,2
Malte Tre,2
MyaRee,2
Kannuri Sumanth,2
Dawaah,2
Harikeswaran Selvam,2
Michael van,2
I_Am_The_Smoke,2
Science Knowledge,2
Cristian Cristi,2
Rimelan,2
Meynard Lorenzo,2
stefanidno,2
Jon,2
i_a2428x,2
Khoa Há»c Cho Má»i NgÆ°á»i,2
NASA and SpaceX,2
Baron Ngarnaissem,2
í•˜ëŠ˜,2
berry Queen,2
ìŠ­ë‹˜,2
Gabriel Tuchtenhagen,2
hardclock,2
comrade_invictus,2
juju,2
Mike Hunt,2
Daris Music,2
Darkcan,2
randomjbd1,2
Pan Macabre,2
13tamales later,2
Mamta Singh,2
Parham Torabzadeh,2
vijay verma,2
Shantanu Desai,2
Diraction,2
pruthviraj sonwane,2
mahmood baharshahi,2
Max Musterman,2
Aslan Ã–ztÃ¼rk,2
Mohsen soltani,2
SlothySFM,2
dalcom24rang,2
smart water,2
Rahi Rameez,2
Piotr,2
mruck trop,2
Michal ReckÃ½,2
incog,2
Maciej Åukasik,2
Vivian Tarunajaya,2
Veronica Gorosito,2
Sahil Purabiya,2
ela rein matibag,2
Ø§Ø³ØªÙ‚Ù„Ø§Ù„ ØªÙ‡Ø±Ø§Ù†,2
norma.channel,2
Maverick 2077,2
Nomad Admin,2
Topik Hidayat,2
Patrik Kobida,2
iman bakhshi,2
KeksMember,2
ÙØªØ­ Ø§Ù„Ù„Ù‡ Ø§Ø¨Ø±Ø§Ù‡ÛŒÙ…ÛŒ Ø³ÛŒØ§Ù‡Ø¨ÙˆÙ…ÛŒ,2
SLT Facts,2
Syntrx,2
Alpha Goat,2
LÃª Tuáº¥n,2
STAR Gaming,2
Lou F,2
Giveaway,2
Sara Karami,2
voRia y,2
Andras Schram,2
Saleh Moosavi,2
snakex555,2
Ø¹Ù„ÛŒ Ø²Ø§Ø±Ø¹ÛŒ,2
Sujon,2
Jorge Uribe Uribe,2
George Elevators,2
AARON JOJU,2
Akshat,2
Sailor Bober,2
ruhi ha,2
rrerre,2
NrJ,2
Ali.b.n,2
Amir Ardalan,2
Polaster,2
Mr. Square,2
hamed,2
stick,2
Majd Aldien Shreiky,2
Rigel,2
The Alien Guy,2
ì¼ì´ì‚¼ì‚¬ë¬´ë¡œ,2
I_Mortal,2
Mojtaba Nooshin (Siavash),2
moon sun,2
Y.H. Weng,2
Peter Hagenaers,2
Nikan Garshasbi,2
DKexpat,2
ĞšÑŒÑ ĞšÑŒÑĞµĞ²Ğ¸Ñ‡,2
DanRg17,2
adri,2
Pankaj Devarai,2
Zina S,2
haya Khalid,2
Animehaze,2
Annisa OFFICIAL,2
ROJHLAT,2
what's a good username,2
psycho,2
unbeliveable facts ğŸ§ğŸ¤“,2
itz me nasir,2
Suprateem Hota,2
Ô±Ö€Õ¡Õ´ Ô±Õ½Õ´Õ¡Õ¶Õ£Õ¸Ö‚Õ¬ÕµÕ¡Õ¶,2
INDIAN ARMY à´‡à´·àµà´Ÿà´‚,2
Ravi Govindasamy,2
Kevin Cole,2
narin mohammadi,2
EhsuN MahmoudI,2
Anime Pron,2
Haydunsparce,2
ì„œì„¸ê³¤,2
Kira,2
MR infinite,2
VÆ°Æ¡ng Tuáº¥n,2
íˆë“ ë„ì–´,2
kuukurii1,2
Armin KapetanoviÄ‡,2
Raziel Nosgoth,2
Global Masstar,2
Ù…Ø³ØªØ± Ù¾Ø±Ùˆ,2
Ocean Child,2
ReZa,2
Mahdi Karimipour,2
Big Boss,2
Angmallen,2
Billy,2
Roddick Production,2
Alper Kurt,2
SP Moran,2
Behzad Firoozi,2
clamor,2
Dannie Young,2
Jolyne Jameson,2
jay g,2
Ø­Ù…ÛŒØ¯Ø±Ø¶Ø§ Ø¬Ù†Ø§ÛŒÛŒ,2
Nothing,2
Thomas,2
Metius ABT,2
Not Nice,2
Vesial,2
H J,2
MANOJ PADHI,2
javad Fighter,2
Hitesh Talwar,2
MRT Z,2
Vishal Dixit,2
Karma Raven,2
shdow Freddy gamer ,2
ZETTA,2
SuSanOo,2
Priti Lakhani,2
Supervolant,2
EBAX,2
DragoBianco01,2
Ian Law,2
Avinash Nag,2
Probly,2
amir.fxr.,2
hamid haddadian,2
589nm_ DPSS,2
Lance B,2
Estella,2
suiseiUwU,2
Bagas Pranata,2
ì¸ì–´ì™•ì,2
DavidF,2
Garrett Haynes,2
The land of squirrels and peacocks,2
Fullstacknology,2
Amir Najafe,2
kexchoklad4konsum,2
Jeff Faklayen,2
YeetSama22,2
Aravind A Rao,2
nichodemus gebe,2
Double Trouble,2
Jonathan swales,2
Mrmishra's YT,2
After Rain,2
Selui RC,2
Neil Rieck,2
Jesee Levine,2
Mahdye Hashemi,2
ismail ahmed,2
Mason Ridgewell,2
David mullick,2
Fatemeh Hosseini,2
Danny G,2
mohammad badi,2
SANDY BOSS,2
fecri kir,2
Para,2
ã²ã‚ã‚Šã‚“,2
Farvardin Mainyu,2
h,2
å¸¦å¸¦å¤§å¸ˆå…„,2
Chirantan Chakraborty,2
laugh for just a second LFJS,2
Hugh Massengill,2
sabawoon khan,2
saba shelia,2
LAKSHYA,2
Diako Pirouzbakht,2
Captain Skiper,2
Ù†,2
mn Yapsu,2
Liberty is my indefeasible right â™¥,2
Name Last Name,2
mobina langary,2
Anand A S,2
Longarms,2
The Rocinante,2
Ayar Waman Portugal Michaux,2
Samsung User,2
fernandotv,2
Trillson,2
Mohammed SH,2
Ø­Ù†Ø§Ù† Ø­Ù…ÛŒØ¯Ø²Ø§Ø¯Ù‡,2
Doslle.,2
å¤©ä¸Šæµ®é›²,2
Tutul Ahmed,2
Cosmosxhunter,2
Hacker ok,2
Jack Mu,2
Mr Nobody,2
Shreewanth Gopalakrishanan,2
Rocketeer,2
Nimantha Rathnayake,2
Kanhaiyalal Rajput,2
Mohammad Mirzaei,2
Mohandes Jalal,2
ÙØ±ÛŒØ¯ÙˆÙ† Ø§Ù…ÛŒØ± Ø§ØµÙ„Ø§Ù†Ù¾ÙˆØ±,2
Rein Varev,2
RONY FORHAD,2
Hikaru- Kun,2
Apoorva,2
Ghodrat Karampoor,2
JustTelescopic,2
Manfred Thome,2
Uday Shirdhankar,2
SpringWild,2
Rahul Suresh,2
A.D.T. Mapping,2
larry mittens,2
Wing Hung Yuen,2
Moonlight Borealis Sentry,2
Charles Leonard,2
Adalat,2
tolman geffs,2
Lady Solidarity,2
Black Panda,2
Mahdi Ghaziyani,2
íŒ€í”ŒYouTube(100ëª…ê°€ì¦ˆì•„),2
Hehe Cat,2
Aadhya Jain,2
goku,2
Prabs,2
Acidic,2
ê¹€ì„¸ì§„,2
TROOPER,2
Karl Koscher,2
Jigarpreet Singh,2
Abdalghafoor,2
ì™„ì‹œê¸°,2
ali najafi,2
Khian Ace Esposo,2
RB,2
Surajit Manna,2
o0O-JD-O0o,2
yasna_joon,2
Usman Justin Ranniel DC.,2
Wild About Nature,2
Oleg Gerassimov,2
Atharva Chitale,2
éŸ¦æ°‘,2
Genaro Munat,2
Nasm,2
Nick Parmi,2
World book shop & Entertainment,2
Saturn,2
EXTRA SPACE NEWS,2
Bragadeesh Balakrishnan,2
ILM player gaming,2
Sina Najmoddin,2
C A P 10,2
Pip Bip,2
Thato Mohale,2
Marco C.,2
Sarada Sarada,2
Muhammad Sohail,2
Jake Eppard,2
Gaurav kumar,2
í”¼ë²„ë¹„ë²„,2
Arnav Naik,2
lin lai,2
Isuru Sewvandike,2
Dominic,2
X28V,2
Beast Vinit,2
Min Kim,2
msmk 1717,2
MBJ,2
morris,2
Christoph Bernegger,2
Chiquinho Lima,2
Arown,2
summer bird,2
seung ryong Shin,2
ãƒ„Luiz,2
Jeyanithan Nithusan,2
ashwani Kumar,2
Jiecheng Zhao,2
Venu 333,2
VinÃ­cius L. Bueno,2
nope,2
Rins K,2
Cheese Sandwich,2
mÃ¨eeeee,2
Elizabeth Zarzalejo de Ricci,2
Anurag,2
James Gumangan,2
abel forsberg,2
Balraj Mudliyar,2
Dharma & the Nature,2
$onu Verma,2
Qrilios,2
Taha Koushan,2
Sarthak Sharma,2
ImIk Fun Arts Productions,2
Ncs,2
artking,2
Abhijit,2
C. J. K.,2
Ali Tavakoli,2
Yashar Desperado,2
2333 233,2
ESKboat gaming,2
sighBerfreQ,2
Kamal Sunrise,2
TJ,2
CRAZY EDITZ,2
ë¬¸í˜¸ì›,2
j h,2
annoymeat,2
reza alizade,2
VinÃ­cius Neves,2
YÃ±olla Blue,2
yes i am,2
imnotreal steph,2
binu abraham,2
Sukarma Chetia,2
AssBlasster9000,2
-Ã¤--,2
amin hosyni,2
Battle Club,2
scienceforagoodfutur,2
Michael YT,2
A drop of space,2
IFam ğŸƒ,2
Mareena,2
Matthew Klassen,2
Parham road,2
Advent is near,2
ã‚·ãƒ¼ãƒã‚¹,2
B. Salomi Joseph,2
Singgih Bahtiar,2
Ratchanon Chantagul,2
Roboclaw,2
Rottal Gaming,2
Ğ”ĞµĞ½ ĞŸĞ¾Ğ»ÑĞºĞ¾Ğ²,2
Branden Walker,2
myo thu,2
Saman Atrian,2
ë°êµ´ë°êµ´í™ë™ìš°,2
J.H,2
FoxyCandy,2
Mr Krabz,2
JuliusC. L,2
Callahills Young,2
Achmad Fachrurrozi,2
hider man,2
2o2B,2
AstroF,2
Pablo,2
Ravi Kumar,2
Max Makez,2
Taj_AL_deen_Al_agha,2
Juliusz Hebanowski,2
mdenamulkarim,2
ipsako,2
Heru Kusmartono,2
mahdi talkhabi,2
Astrum EspaÃ±ol,2
Adam,2
rozhin khodaveysi,2
COSMOBU,2
ì´DON,2
Devidas Damodaran,2
Maizena,2
SABBAS,2
yee,2
rasulamlk,2
milad z,2
Dawid,2
LCY,2
TeamRedBeard1,2
Abdul's Fauzan,2
Ambrosio,2
Atheist _and_ Earther,2
Yasi habibi,2
Honar e avval(muzic),2
Samya Lima,2
Christalin R,2
RAGE,2
ì½”ì†,2
Kadir Sevindik,2
lucy,2
Anik Samiur Rahman,2
Owen,2
Neneko T.M,2
Arif Jan,2
Mahesh Katamreddy,2
shabnam j,2
Ã«,2
W4A SHAP,2
Vikram Chauhan,2
A. O,2
Waleczny,2
divya vasudevan,2
KINXMON,2
Alireza Mesbah,2
Mohammed Fakeih,2
Amit Mandal,2
Spectrum DIY,2
Albrecht Gradmann,2
SomeOneInchHat,2
Tsukasa_2899,2
Aratrika Basu,2
1024Bytes,2
Denden,2
Infinity,2
Amam Ronnie,2
zriraum,2
é™³å¤§å§,2
John Meyer,2
Michael O'Connell Art,2
Paimon's head,2
Onkar Indurkar,2
Aimer Sen,2
Brb.,2
who cares,2
Gandham Sreedhar,2
Dinesh,2
mt wu,2
momonga2400,2
I'll freakin do it again,2
FalconlewittEducation,2
David Abril Morlanes,2
The Gaming Seargent,2
Reza Mosavi,2
WhatsGahdly,2
napoleon0,2
Seema Nazmun,2
Re Y,2
Maicutul Domnului,2
ChandraREAL,2
Petri Munzi,2
Semper Fidelis,2
Maddelynne Fields,2
Robert Suttles,2
Gusti I P,2
hossein,2
Srijan Panicker,2
N Knal,2
CJ7JEEPER4U,2
Mehr,2
Prateek Malpani,2
ì‹±í´ë ˆì–´,2
A.A,2
itazim Gameplays,2
Unnamed_,2
Gemens Lv,2
Angry Kittens,2
Abhishek Pathak,2
ayyin,2
Baqer Murtadha,2
Abdolreza Nezamkhah,2
Nikhil Jaat,2
ABOLFAZL G,2
Alex_SanMar,2
Piero Biasi,2
RaiGab23 Playz,2
Seailz,2
Ù…Ø­Ù…Ø¯ Ø¬Ø¹ÙØ±ÛŒ,2
zYnarque,2
Zera Zalani,2
Tomas Horak,2
Ms. Lerma,2
Thinking Human,2
Kato,2
Ehsan Amirahmadi,2
Ashwin Prabhu,2
sohrab mansouri,2
Miglof Manuel,2
zonkan zozi,2
Christine McCrea,2
Sayah El Hajji,2
Benjamin Park,2
sali mino,2
Jae Simo,2
Gustavo Marcondes,2
TeeJayy,2
ĞœĞ»ĞµÑ‡Ğ½Ñ‹Ğ¹ ĞŸÑƒÑ‚ÑŒ,2
Elahe Doorandish,2
Marcus Aurelius,2
ğ‘»ğ’‚ğ’‰ğ’‚,2
Anthony Zammit,2
Airii[ğ‚ğ®ğ­ğ¢ğáµ˜Ê·áµ˜] ğŸ’–,2
Zuza z Miechowic,2
kaieatskids,2
Mobina. alijafar,2
Informed-Apprentice,2
vollle,2
AmirHossin Izadi,2
Elahe Bahrami,2
Titanium Jolie,2
Karthick Roshan.,2
BAM5,2
ê¹€ì¬í˜¸,2
Ok,2
Noah flanery,2
Ğ˜Ğ½ÑÑ‚Ğ¸Ğ½ĞºÑ‚ Rady,2
ì£¼ì‘ì˜ ì œì™• Jujak,2
lee lee,2
Starship Gamer,2
Brnt,2
í”„ë¡ì‹œë§ˆ ì„¼íƒ€ìš°ë¦¬,2
Bahar Sadat,2
Lindy Salvatory,2
Amir Hosseyn,2
CambodianDemocracy,2
Romulus C,2
Aditya Goswami,2
mahi Beats,2
Mohammad Khodi,2
JamesTDM2003,2
Ender Wigin7,2
LaserTopBrka,2
V. K FITNESS,2
Tel Bota,2
keerthana sriram,2
Sanatana Updates ğŸ‡®ğŸ‡³,2
ÎµÊŸÎµÎº Ê€Î¿Ê™Éª,2
Himanshu reviewer,2
Lappuliisa,2
De De,2
TeDynef,2
Mr Hu,2
Metal Mark 12,2
Itsmamad007,2
Lucky Saputra,2
VeeIsShort,2
DYRC,2
ItzSadra,2
average clone trooper,2
Jona Persson,2
QorbanAli Javanmard,2
ricko arkaan,2
mahdidj mahdi,2
Bunny BrÃ©sil,2
Dhanvin,2
gamerlamer,2
Racing Monkey,2
Mohak,2
G.,2
DrLemon,2
Shreyx,2
H.S,2
T-Deejay Official,2
Jordan Morley,2
S & M,2
Ali SooFi,2
TouchTheWind Eres Tu,2
Lim Hang Sheng,2
Rome Zhang,2
Layla Ali,2
FreeSoul,2
Someone,2
John Gneam,2
Vitinho,2
AN GAMING,2
FOL _ MAKS,2
MUSKAAN SRIVASTAV,2
carl,2
Sean Watson,2
SFS Space Gamer,2
Mr Reza Dehghani,2
Ø·Ù‡ Ù…ÙˆØ³ÙˆÛŒ,2
Melina,2
ì´ìƒì—½,2
MSD ;-D,2
Zzz UÃºu,2
Kishore,2
Pragati Enterprises,2
Ayuba Munkaila,2
MrIceTeaz,2
Aida :) ,2
Dontray The Savant,2
J J,2
DD AA,2
Astron,2
White_Bunny,2
Vladimiro Garcia,2
Yash kushwah,2
bukan siapa2,2
Haj Animation,2
Charlito Reputana,2
Federico Dighiero,2
Akhmad Subkhan,2
Your Da,2
M.Hossein,2
Si,2
Kill123 4567,2
Youngbum Kim,2
ê·¸ëŸ¬ë©´ëª©ì„±,2
Ğ’Ğ¾Ğ»Ğ¾Ğ´Ñ Ğ“Ğ°Ğ±Ğ¾Ñ€Ğ°Ğº,2
Halder Prashanta,2
Adem,2
Fallah FF,2
dhasu gamer,2
lunepan,2
Inoka Kumari,2
ê¹€ì˜ì¬,2
Umesh Kumar,2
Lunatic With A License,2
Raj Luthra,2
Kshetij Abheru,2
Dodge,2
Reanko,2
John Ng,2
Crash159,2
iliya ,2
John the notorious,2
azam karimipour,2
Ishtiaq Ahmed Kiani,2
DaveSki0826,2
Ø¹Ø±ÙØ§Ù† Ø®Ø¨ÛŒØ±ÛŒ,2
Ø²Ù‡Ø±Ø§ Ø¬ÙˆØ§Ù†Ø¨Ø®Ø´,2
Grow Further,2
oh,2
Mashevskyi,2
Farshid Pishehvar,2
Roman,2
STAR Rhoe,2
marjan noori,2
Albert Wu,2
door g,2
Stupid Ape,2
Ù‡Ø§Ø¯ÛŒ ÛŒÙˆØ³ÙÛŒØ§Ù†,2
alireza iranmanesh,2
alireza esfahani,2
IconoclasticGoat,2
Martha M,2
MentalSharken,2
Sasha Dianat,2
vk,2
NABIL SHAIKH,2
Lucas Taba,2
Eidan Cree,2
Cybermonkey91,2
Aradhy Bharadwaj,2
Ø®Ø¢Ù°Ù†,2
Chill Jay,2
Laudato si Ad astra,2
Saigon6,2
Vijay Kumar,2
King 101,2
Golden Floof,2
BVLVI,2
Akash Kumar,2
Mohammadreza Taati,2
saint DANTE,2
Nachhaltig Aktiv,2
MATHUKU Eric,2
pOpZz 7,2
181 - Selly Elysia - FTTM,2
Rishabh_xd,2
HabitMusicHD,2
armimator,2
ilaphroaig,2
A R,2
Ø§Ø¨Ùˆ ÙˆØ³Ø§Ù…,2
iman khatibi,2
Larisa Bug,2
Anonymous â€¢ 15 yr old..........................,2
SHAFI ul BARI,2
dinesh Grover,2
_crystal,2
G10 morgen,2
Zhihui Li,2
Michael C. Pagaduan,2
Tom Kamikaze,2
ReaperXVI,2
Iman _82,2
Charlie rmz,2
Raziqqien Abu Bakar,2
NotFine,2
HoÃ ng NguyÃªn,2
Ana Fitriya,2
Abel,2
Ashraf Un Nabi,2
Tom Eshchar,2
seori,2
andy berger,2
Erika B,2
ë¸Œì´ì½˜,2
atg,2
bijan rahmani,2
SADEGH4,2
sohel rana,2
The Microwave,2
AussieSUGAR,2
Bagheera756,2
Shohel Hoque,2
Simon,2
CrystalUwU101,2
Ğ’Ğ¾Ğ²ÑĞµ Ğ½Ğµ ĞĞ¸ĞºĞ¾Ğ»Ğ°Ğ¹ Ğ“ÑƒĞ´ĞºĞ¾Ğ²,2
sopvop,2
Yuvin's Creative Journey,2
GokuTelugu,2
Javadii,2
Random guy,2
CODMOBILE,2
MacMac3416,2
M. Dwi Istiyadi,2
Good Faraday Pdahkasiej,2
Mojtaba Mohammadzadeh,2
P Monk,2
Halian,2
JOHN KUPA,2
Kian Abbasi,2
Akshita Gangwar,2
Miss Grey,2
Arshdeep singh,2
ExubeSSaN,2
Fachrur Surya,2
Alessandro Fischer,2
Simorgh Azarbaijan,2
Mehdi Hs,2
Hunikengt,2
Morgana Oliveira,2
Jim Maguire,2
Jacob Zlot,2
Sand Dunes,2
Yeet Mcyeetson,2
ë§‰ë‚˜ê°€ëŠ”ë‹¬ì¸,2
Min Mara,2
null,2
Om Patil,2
Shi mmer,2
Dutch Van Der Linde,2
K11K,2
Hari Sankar,2
wbragaful,2
Michel VINCENT,2
Algo Hastam,2
Ali A,2
Hive Mind,2
Smite IV,2
Harrison Parboosingh,2
Demon Fingaz,2
SpaceMan,2
masoud ara,2
kazem modaresi,2
ad min,2
Veli Nahik,2
Antonini,2
SpoiledHam,2
BSL Hammer,2
Soroush Mohammadi,2
Izaru Burs,2
Tutu's Free Fall,2
Chicken_warfare,2
Madusha Malshan,2
kha,2
Victoria Kowanetz,2
Diego Rojas Rojas,2
PrussianEagle,2
Lushen,2
Wyn AOV,2
family tsubaki,2
ì•„ì´ë¦¬ì–´í ,2
è°¢è°¢,2
Jayden Silvermans,2
Ajinkya Londhe,2
YÅkai Motorcycle Engineering,2
Philip Milosevski,2
Andrea Pauls,2
CB,2
AÉ´á´É´Êá´á´á´œs X FLAME!,2
indymagoo,2
saeed somer,2
Rob Scheide,2
Mehran Fathi,2
Rohan Bahulekar,2
wopsterke,2
Yahya Emre Ãœnal,2
Rafael,2
Erfan Tajik,2
amir nazari,2
Ryan ,2
PropRotor Nut,2
JG,2
Personal Jesus,2
RENE RAMIREZ,2
Rakesh Kumar,2
abol,2
MCMCMC1234,2
Ryan Rix,2
anonim0452,2
ê¹€ë™ì‚¼,2
Haley,2
Jermo7899,2
Neev.a jain,2
Jaya Krishna,2
Phone User,2
Sina Norouzi,2
Behrang Hemmat,2
Rahul Mahant,2
Ø¯Ø§Ø±ÛŒÙˆØ´ Ø³Ø§Ø³Ø§Ù†ÛŒ,2
Hua Zhi Vee,2
Matthew,2
ì£¼ì€,2
ì•ŒíŒŒì•ˆë“œë¡œë©”ë‹¤,2
zoro coco,2
Pascal Fiebelkorn,2
Mahdi Riox,2
Laxto Buttgroyn,2
ì˜ì´,2
ABH,2
wolami,2
Wael Abo asi,2
Kareen Arrocha,2
Mark Y,2
Christian Schaub,2
Ansar Nevrekar,2
MÃ¡ra,2
Kokosowiec,2
Petardo238,2
Ù…Ø­Ù…Ø¯Ø§Ù…ÛŒÙ†,2
amir ali mahmuodi,2
Ayoub Hamed,2
Lyrics FR,2
ĞĞ½Ğ´Ñ€ĞµĞ¹ Ğ“Ğ»Ğ°Ğ´ÑƒÑˆ,2
the storm's,2
Jno11,2
Naqi H,2
rafa sadal,2
Vaibhav Yadav,2
Hengky T. Sihotang,2
Connor Kearley,2
ZdarWarZ,2
Prem à²¥â€¿à²¥,2
toby whiting,2
j a.q,2
mohammad baghri,2
tomSAWYER,2
Muhammad Naufal Aziz,2
Mix basketball,2
Hashy,2
Disha,2
Ø²Ù‡Ø±Ø§ Ù†Ø§Ø¸Ø±ÛŒ,2
Anando Chowdhury,2
Ø¹Ø±ÙØ§Ù† Ú¯Ù†Ø¬ÛŒ,2
Abolfaz Zare,2
abcÌ·Ì›,2
A.,2
I don't know ok,2
Kenneth Lombardo,2
ĞĞ»ĞµĞºÑĞ°Ğ½Ğ´Ñ€ Ğ¥Ğ°Ğ¼ĞµĞ½ÑĞºĞ¸Ğ¹,2
Ù…Ø­Ù…Ø¯Ø±Ø¶Ø§ Ø­Ù…Ø²Ù‡ Ù¾ÙˆØ±,2
LN,2
Secret Yun,2
Ubba,2
TrUe FiTnESS,2
Keegan J,2
LuÃ­s Gil,2
helios396,2
VAMPIRE,2
Svetlana Gubanova,2
h03ein,2
HARISH GAMING - YT,2
Niloy Sarkar,2
NOSTALGIA FLIMS,2
ArMaaN__,2
Ned no name,2
Nihal Ashik,2
Zetta Dorrix,2
diipr payns,2
Edita Pakalniskiene,2
Adarsh belwal,2
Keirin Boyes,2
Sedmostafa,2
Î§ÏÎ¹ÏƒÏ„Î¹Î½Î± Î‘Ï€Î¿Î´Î¹Î±ÎºÎ¿Ï…,2
Kleine Anastasia ğŸ§¸,2
Rahul Rawat,2
ê¹€ë„í˜„,2
Master Yauda,2
Harmon Gill,2
cod_atom,2
FM_Main,2
Dallezs,2
Samuel Martiniak,2
íˆ¬ë‹¤ë¦¬ê¹€ì‚¬ì¥,2
AusBaustell BTW,2
Lorenzo Cauzzi,2
Mina Dallas,2
Axel Hermosa,2
Parsa Krp,2
M L,2
Richard G,2
Emanuel Camacho,2
Rashid Ansari,2
SRINATH Singirala,2
Kevin W,2
Landon Ehrlich,2
Yoonjeong Cho,2
rose bp,2
can't think of good name,2
Kishinophoria,2
Andreja Galinec,2
ã‚¢â€™siffa,2
Jozef KovÃ¡Ä,2
Ingrid Llinas,2
Goody Smarts,2
Meepley,2
DeadSpeed TV,2
FM_TEAM,2
Talalla,2
Don Valdez,2
M. Loya,2
iliya Thi,2
MikoÅ‚aj Konieczny,2
Dâ–³NI3L,2
Jibril Rahim,2
Jon Lava,2
Polette Cortez,2
Ashok Sharma,2
ë˜ìš°ë„ˆ gogo,2
Snakes 001,2
Gerald Plaza,2
bagoogle,2
Ayeyarwady entertainment,2
Orestis Moschos,2
XiuMei He,2
FunKo,2
Psycho Pineapple,2
CodyCo,2
TechTinkering,2
Suthakar Sababadi,2
ali f,2
Danial Afjeh,2
DÃ¡vila,2
Giovanna Fransesca,2
Rafi Budiawan,2
Michael Kostov,2
PRABUDDHA CHATTERJEE,2
Dismounted,2
ì½”ì½”,2
pooya darajatian82,2
Falk JanÃŸen,2
makoran-zamin,2
Alan Stark,2
æ©¡çš®é¸­,2
ali.byattt,2
Sophie Peters,2
SaamV,2
era,2
artin hy,2
Aiden Arkipa,2
Matin Alaei,2
AntiLarge,2
Joe Ybarra,2
Ali Sepehri,2
éƒ­å‡,2
Keppam,2
Mr Crimson,2
Ricardo Miranda,2
Raziur Rahman,2
Oleksandr Ares,2
bb z,2
mahdi parna,2
Yonas Ferdinand,2
Peter Robinson,2
NgÃ´ VÄƒn Äá»©c,2
Jason Dziewic,2
Diver Down,2
å“­æƒ¹,2
angel,2
Mark Ashton,2
Alfred E Neuman,2
kikitab,2
Ako lang to si Liam,2
AmirhaSan N,2
Narmln Alibhai,2
Mufeez,2
Bita,2
kenshi,2
Kahmar Stathum,2
Andrew Camp,2
LH Junqueira,2
twix,2
Maxim Patrushev,2
å¼µåšå‰´,2
mr_kia,2
That's Gamerz,2
Izzah K.,2
eito,2
Clay Fincher,2
heniac,2
æ½˜é‘«,2
gourav kushwaha,2
Abhinav B Mario,2
Arsalan Ahmad,2
å‡‘äº•ç›–,2
Simon Whittaker,2
AmirPax,2
A B,2
LinksgrÃ¼nverkiffter Minecraft-Kommunist,2
N Jeevanjee,2
Eino,2
yugi_mugi_official,2
Captain Howdy,2
sacha luscan,2
Jonathan Easow,2
Ğ”Ğ¼Ğ¸Ñ‚Ñ€Ğ¸Ğ¹ ĞĞ¾Ğ²Ğ¸ĞºĞ¾Ğ²,2
Ù…Ø­Ù…Ø¯Ø§Ù…ÛŒÙ† Ù…Ø­Ù…Ø¯Ø´Ø§Ù‡ÛŒ,2
Tomatoffel,2
ì„±ì´ë¦„,2
IT's RAJ,2
M W,2
The gamer kings,2
Galadeth,2
Wendy Manuel,2
ĞĞ»ĞµĞºÑĞ°Ğ½Ğ´Ñ€ Ğ¨ĞµĞ»Ğ¾Ñ…Ğ½Ñ‘Ğ²,2
Mohamed Arshad,2
Window 28,2
OM,2
Hasna Hamna,2
Salar Hoseini,2
Alireza Ba,2
Herzt,2
B. B.,2
Daily Car Crashes,2
Gacha Rael Dastan,2
M.reza Fallahi,2
ë¬¼ê²°,2
C00pbf75jna76,2
Zgegosaurus RhÃ´,2
THG,2
ĞÑĞ°Ğ´Ñ‡Ğ¸Ñ…,2
_Lumbel _,2
OFF LINE,2
DEATH ZONE,2
Lyt Neo,2
Super bass boost,2
Ashish Dey,2
Yaroslav Semeniuk,2
Yusuf Praditya,2
Richard Liao,2
Mert Yavuz,2
Astrover,2
Scaranoyze,2
ADIN,2
Sachin Raj,2
Alexander Bruyns,2
Parth Wasnik,2
Avin,2
Kaustubh Joshi,2
Love your Hobbies,2
Hrum Hruma,2
BatataFr1ta,2
Space Ghost,2
oussama motassim,2
Amin Roshanfekr,2
Sinha S,2
NOS Music,2
Prince Asiedu,2
Dirk van Dooren,2
Starshine,2
Ø¹Ø¨Ø§Ø³ Ù…Ø­Ù…ÙˆØ¯ÛŒ,2
Enlightened G,2
SA-KIND VIDEO PRODUCTION,2
907. drip,2
Great Expectations,2
ì´ê²Œ,2
The Friday,2
Sahand Ahmadi,2
shydhjsj mahe 2,2
Mohammad mahdi Qanbarpour,2
Benedict Tom,2
sarah ãƒƒ,2
ì´ë„í˜„,2
mohammadamin molaei,2
BillionArrow,2
amin nodehi,2
GODRARTMAND LUIGI,2
AEE Chitrakonda Block,2
â€¢â€¢Íœá´€ÊŸÉªâ™¡!,2
Martin C,2
huanhuan,2
JJ Gaming,2
Ayush,2
Aborakan,2
bazidouni,2
jmashr,2
StaticDice,2
æ´¾å¤§æ˜Ÿä¸ç—è€æ¿,2
Elijah Paisley,2
BCOG 951,2
Wagner England,2
Space Studios,2
GOODWIN'S GAMING,2
Ron Fredrick Silvestre,2
ì¡¸ë¦¬ë‹¹,2
Hanji,2
ã‚±ãƒ³ã‚«å£²ã£ã¦ã‚“ã®ã‹? Takqiyyukina,2
ã‚¸ãƒ«ã‚³ãƒ³,2
Stickyrice Raccoon,2
NANOSTRA,2
a Penomat,2
Hamid Rahimi,2
Yuno,2
Savannah Mavy,2
Maulana Ergi,2
Trevor Ross,2
SRIKANTA BAJPAYEE,2
Shankar Palamootil,2
saman 1383,2
Trang Anh,2
kalchi Rubix,2
ElectronMotion,2
Warriors Long,2
ì•Œìë¡œ,2
ëƒ¥,2
ëˆê¹ŒìŠ¤ë‚´ë†©,2
Xexon P.D.,2
Frustyplay,2
BiGSouljah619,2
Anikoid,2
Ø§Ù…ÛŒØ±Ù…Ù‡Ø¯ÛŒ Ù‚Ù‡Ù‚Ø§Ø¦ÛŒØ§Ù†,2
The Adore Show with Adore,2
otom6666,2
Ø§Ø¨ÙˆØ§Ù„ÙØ¶Ù„ ØµØ§Ø¯Ù‚ Ø²Ø§Ø¯Ù‡,2
Yordan Yanakiev,2
Matheus Alves,2
Stormblader,2
Maria LÃºcia Elias Valle,2
FarsÃ§a ÅŸarkÄ±lar,2
Bakayaro .-. â˜ï¸,2
James Johnson,2
Nara,2
Elanus,2
Martin,2
Rafsan Alam,2
Duncan Idaho,2
lemon naga,2
girma fekadu,2
Jack McD,2
Viper Gaming,2
K C,2
ÎµlsnÎ±Îºe,2
Blue Horizon,2
Sang-Hyeok Lee,2
who,2
jeremy cox,2
J K,2
ë¯¼ì±„,2
Saeed jamali,2
Lucas_kng,2
Priyank Paran,2
Muhammad abdullah,2
Parth Maheshwari,2
Shashank,2
Jimmy Debacher,2
Rahul Krishna S,2
Sanaz M,2
íˆ¬ê¿ˆ,2
Prabal Sharmaâ™ ï¸,2
Kyle Zuehlke,2
Crymez Tube,2
AMiNjoker,2
ingrid,2
Reza Motamed,2
Disky Aria Jetmiko,2
Bruno,2
é»å°‘é’,2
SlowMan.M,2
Ghost,2
TrÃ¬nh ChÆ°Æ¡ng Nguyá»…n,2
Kamyar Mirzaie,2
Fine movement,2
Akashprintingpress dk,2
Makzym,2
Aditya!!!,2
EpicMiner_44_TV,2
miserable,2
Naseera Jamal,2
SD,2
enxxvii,2
Helk Hugan,2
Shadow Uchiha,2
sikes,2
Leinad,2
An Nguyá»…n,2
Mansoor Ahmad,2
Lirik And Musik,2
Daniel Lim,2
That Wendigo,2
holmes,2
Lucas B,2
Johnlito Cultivo,2
Adnan â˜ª,2
1a.m4,2
H. L.,2
kunal halder,2
zeinab bbj,2
Himanth Nersu,2
Ilham,2
Anirudha Mirmira,2
dynamic gaming,2
shashwat dubey,2
PAIN,2
majiko_ w,2
D 7,2
TrashMehn,2
John chow,2
Zackary Parsons,2
Warant,2
WhatWillieThinks,2
DrewGoo,2
mamad Web,2
shah rad,2
Kesin Bilgi,2
Average Sauce Enjoyer,2
aria ramezannia,2
MAHSA Abdolrazzag,2
Elliot Hutchins,2
daveangels,2
Asis Dasgupta,2
Nagina Yadav,2
Asteia,2
Rizman Nur Rizky,2
Rosensand Goldspring,2
ç¿æ¡æ•,2
Danny ColÃ³n,2
POKEDELICS,2
Grace,2
Tim Bukanowski,2
maylis arys,2
Jerry Carlson,2
Libratyan Jhon,2
Just Your Typical Weeb,2
Muhammad Duta Aswandi,2
Pixel Insanity,2
Voyager 1,2
GUACAMOLE RICE,2
Arturo Gonza,2
ã‚,2
Abhik Roy,2
iron deficiency,2
Juan Jauregui C.,2
Clara JosÃ©,2
Bordem,2
abed radad,2
ItsDavid23,2
Toiba jaan,2
 Lana,2
ë´„ì´á„’,2
Harikrishnan Ramachandran,2
kaustubh fouzdar,2
Milad Milad,2
Pirat artiste,2
CoronaPandemix,2
du nguyá»…n viáº¿t,2
Ehsan Naghizadeh,2
sima prhzkr,2
razzie,2
WANI WASIF,2
Wonders of the World,2
Erfan khodashahi,2
DoÄŸa Su YalÃ§Ä±n,2
Noobie,2
how2kellox,2
Fadli,2
Dev,2
Kaxli,2
JoeOpa,2
Thomas Tomas,2
IndieRus,2
dtdck,2
ÛŒØ§Ø³ Ù…Ø±Ø§Ø¯ÛŒ,2
ìš°ì£¼í•™ìƒ space student,2
iamSnipez,2
CYRUS.K,2
maf fry,2
GrandmasterUV,2
Mahsa V,2
Norm Gayford,2
Prateek,2
Dean Gualandi,2
Alan Mckee,2
Melissa,2
Nelson Gilbert,2
Ø²Ù‡Ø±Ø§ Ø³Ø¹Ø§Ø¯Øª Ø±ÙˆØ´Ù†,2
Huyy HU,2
long Hoang,2
Golemraven,2
Luke Reid,2
Robert Gres,2
armin abasi,2
Pio Sybin,2
el no-mago,2
KYW- Global Facts,2
The,2
MARVEL LEGENDS,2
Ai chan ï¼ˆã‚ã„ã¡ã‚ƒã‚“ï¼‰,2
Rikard Hassel,2
Urbano Vieira,2
Flavor Lab,2
Futuure,2
Augustus Mawuli Abotsi,2
Tc203,2
m-jay,2
Zoram Hakaan,2
DarianMorat,2
Mrjamjam,2
NASIC,2
kD,2
Dhanraj Thakrele,2
River Nickels,2
Mahdi garavand,2
RareEpicness,2
Hajar Skiri,2
Anil Jha,2
phiash,2
bas baq,2
Yellena,2
Rimjim Saikia,2
Ğœ. Ğ®. Ğ›ĞµÑ€Ğ¼Ğ¾Ğ½Ñ‚Ğ¾Ğ²,2
Hossein Mokhtari,2
MJ Entertainment,2
DIGTAL ONSLAUGHT,2
Elliot Debruyn ä¸Šæµ·,2
Legendary Orca,2
Robson Martins,2
WL ROHIT YT,2
Amirhosein Hafizian,2
El Kabong!,2
Daniel H,2
JohnColtrane2000,2
sweetpoorside,2
borgcube101,2
Hasti Kouchaki,2
GW MASTER,2
saeed,2
Victor Lee,2
WBN,2
ëŒëŒì´,2
åƒè‘‰ç§‹ç”Ÿ,2
Longzir,2
Poulami Bhattacharya,2
Aman Duwadi,2
Vishnu,2
Adrian jon,2
Jaykay,2
Nahomi *,2
leterl8 leterl8,2
Navy,2
Daniella Silva GarcÃ­a,2
oyoyoyo,2
Armin,2
Dimas Fadhillah,2
VoXile,2
nastydagger22,2
GD Zsozso,2
Panzerwolf92,2
Mohammed Albayati,2
Iuvcalls,2
1001anons,2
lyxlnsa,2
Anandita Tomar,2
Silvio Storm,2
Hageshi,2
P Ponvel,2
Ramon Edrozo Jr.,2
sirgog,2
Andrea Mastrangelo,2
FLO'S EATYARD,2
Dhaval Joshi,2
Liher Gallego,2
DRPL_86,2
Ian,2
Christy Patrick,2
Warriors UA - Ğ’Ğ¾Ñ—Ğ½Ğ¸ Ğ£ĞºÑ€Ğ°Ñ—Ğ½Ğ¸,2
Mario Alvarez Cordero,2
Fortnite Ferdi,2
JE,2
Immonen Archer Silverio,2
TriggerZz,2
IVZS,2
RighteousBruce,2
III4,2
ì´ì§€ìœ ì˜ ì´ì§€ ì‚¬ì´ì–¸ìŠ¤,2
Noah Zhou,2
z Kyle,2
Brad malander,2
Star Seed,2
Deepthi Shenoy,2
orange ocean,2
Hacfret,2
Ù…Ø­Ù…Ø¯ Ø§Ù„Ù‡ÛŒ,2
Gerald Guileno,2
Zebedayo Kyomo,2
Prabhat mohan singh,2
Dinerbone5452 games,2
Mahdi Darezereshki,2
Othraerir,2
ê¹€ì„±í™˜,2
á†á†,2
Vamsi Reddy,2
Nikan,2
mystery chemical,2
ë‘ë¶€ì°¡,2
Shiva Kumar,2
David Harrison,2
Haramoniyam tutorials,2
í™”ì¥ë³´í‹€ Makeup Bottle,2
Aisha Raheem,2
Letita Colvin,2
Ankur Rathore,2
Ğ°Ğ½Ğ°Ñ‚Ğ¾Ğ»Ñ–Ğ¹ ĞºĞ¾ĞºĞ¾Ñ,2
James Jones,2
M_abd,2
mohammad,2
cameron williams,2
Sarahi Albuja,2
Jovan SteviÄ‡,2
ARIA SALJOOGHI,2
ENROR,2
Mac Aninang,2
ã‚†ã†,2
Trevor Martin,2
kabonat_erol,2
ä½†æ³½æˆ–è‡ªç”±,2
Levy Lost,2
Shashwat Singh,2
Wga,2
Christoph Quast,2
JackyHe398,2
Apasih gajelas,2
Aditya Sharma,2
lipu,2
orgomemberxv,2
xero,2
Esteban Andres Cisternas Reyes,2
Captain ish-ish,2
angryDAnerd,2
riel 0,2
you Thank,2
Flash,2
Dave Max,2
isaac ',2
Chris Forsberg,2
Hayden,2
solar gaze,2
ãƒãƒ³ã‚¸ã‚§ãƒ«ã‚¬ãƒ–ãƒªã‚¨ãƒ«,2
laaouina walid,2
SM,2
åšç¿”è¨±,2
Y G,2
Denzel O'Brian,2
AhhDomo,2
Jupiter,2
Richard Orth,2
ĞÑĞ¼Ğ°Ğ½ Ğ¥Ğ°ĞºĞ¸Ğ¼Ğ¾Ğ²,2
Peter Park,2
BARGAIN,2
OrbitalKa0ss,2
Banana 123,2
khawaja muhammad parvez,2
Yellowolfgaming101,2
Dinos Zografos,2
Tecno Tips,2
Jack O'Shaughnessy,2
daniel,2
hyun il shin,2
Chandra Meghana Golagabattula,2
BobPopâ˜†,2
JakOnYT,2
sachin Poojary,2
sh k,2
AlbinLexicon,2
#Akshat,2
Mai PhÆ°Æ¡ng,2
Hossein asiabany,2
Bebe Guuurl,2
My Cherry Boy,2
Manohar Morey,2
Renan Abano,2
James Choi,2
Rohit Mohanty,2
Pedro Oliveira,2
Josh Cestina,2
West Express,2
ì •ë§ì‹ ë‚˜ëŠ”í•˜ë£¨,2
Francis Dietz,2
ZeeCosmos,2
Segi,2
village insaan,2
solal,2
Naofumi,2
â€,2
NonStop,2
S4d - FPS Highlights and Clips,2
Clyde Arenas,2
SHIVANI FACTS,2
Exar,2
Existence,2
Hannes T.,2
Noe Nestor,2
Dharshan S Hegde,2
yaser 9,2
Frostcold,2
Astro Gaming,2
navid kor,2
ãƒ¬ã‚¤,2
ìµœê·¼í˜¸,2
morteza nassaj,2
Si Jan,2
Marc Asuncion,2
Ali Zama,2
Alex Simashov,2
ì˜¤í˜œì„±,2
elina,2
í›„ë‹ˆí›ˆ,2
Neo 96,2
S6N 6F G6D,2
R. Padyamudu,2
Ignition,2
æ—æ˜±è¡¡,2
Mj07,2
Vaghela Manish,2
Rohit Inchale,2
Meta attitude,2
ëƒ¥ëƒ ,2
Dan C,2
Lir _,2
Coconut,2
Ryan G.,2
Miro Korinek,2
Michael Dunlap,2
plawless888,2
Uzumaki 2614,2
Harding Song,2
FartRune,2
dj gragasin,2
Daniel Ulivi,2
ì „ê¸°ë¶€ì—‰ì´,2
nicemoon,2
2**5 6789,2
usaind78,2
Onesecond,2
Transvesto Saurus,2
Yan Yang,2
à¦ªà¦¿à¦›à§à¦Ÿà¦¾à¦¨,2
Epic Games,2
TheNOOBIFIER1337,2
ë†’ë””ë†’ì€ê³ ë˜êµ¬ë¦„,2
Masoud Zare,2
savoirjoker,2
Irene Quist,2
Xanbunny,2
Unassuming Account,2
Jash Ramani,2
Rayquasan,2
ĞºÑ€ÑƒÑ‚Ğ¾Ğ¹ ÑƒĞ¼Ñ‹Ğ²Ğ°Ğ»ÑŒĞ½Ğ¸Ğº,2
Boaz Garelik,2
AdamV20,2
Siia7 âŸ­âŸ¬,2
Mc Dwyne,2
king flock the warrior,2
Alooreza,2
Morteza Maleki,2
Mariano :D,2
Karthik JN,2
Cody Taylor,2
Fallen knight,2
boy boys biggest fan,2
MOSTAFA MP,2
THUNDER BEAST,2
Rodrigo Souza,2
Khareoth,2
Mehmet Eker,2
fei young,2
Selfish boy,2
Yousif Ahmed,2
Basanta Goswami,2
Kys CXD,2
AZZAMNO1,2
eukmach,2
Krongkrong,2
Julian,2
llu bay,2
Ash,2
Sarvesh,2
ìµœí˜„ìš°,2
Louyae,2
WazheadBoci,2
Visa_Astro,2
Felix BÃ¶hm,2
Nicke K,2
Cobinja,2
Atavium,2
Marcos Caputo,2
PogersU,2
Atharv Shrivastava,2
Silver Strats,2
B,2
Lazada #,2
Nima Ranjbari,2
IMONDD_Next_Level,2
Yuez,2
Echoparakeet,2
gomulkaa,2
JosÃ© Gabriel,2
Connor,2
Jorge IvÃ¡n GuHer,2
ì •í˜œì›,2
WOW,2
Dani,2
priansh,2
Reinzan Rous,2
KINGJAY Gaming,2
VUK Ninja,2
NicksBroArmy247,2
D1SCH4RGED,2
Amirhosein Shabanian,2
Pratyush Srivastava,2
Arroz Inflado,2
Ralph Commins,2
Tylectrix,2
ë‚˜ë„í•©ê²©,2
b e b,2
The Shashank Redemption,2
Ayd Kar,2
Vanderwaal,2
melforce00,2
Roe Jogan,2
Y Park,2
Thicc_Chungus,2
RTplays,2
Feizel,2
ravel,2
ibra Mashiro,2
espace mais je veux pas crÃ©e de chaÃ®nes,2
george mkandawire,2
CRIMSÃ˜N,2
Hpsaturn,2
MastenPark,2
Anotherordinaryguy 499,2
Paulo Prosperi,2
Ø¹Ù…Ø±,2
Justin John,2
silver rain,2
IR PCPRO,2
Disala Vathsuka,2
Kaann Kaann,2
Ù…Ú©ÛŒ Ø¹Ø¨Ø§Ø³,2
stock wjbbb,2
Mango,2
bluefire7991,2
mohamad sadegh faridrohani,2
Emmanuel Nabong,2
NwG Clan,2
eda mikhaila,2
Bzay Sharma,2
Senpai,2
Bimmer Life,2
Mimochi,2
In Space,2
Cadman B,2
2022,2
Adiol Qose,2
Junior Jr,2
Unseenfusion,2
Mohammad Khanjani,2
sirvan Hamzehzadeh,2
johskorn,2
Brian Gill,2
Jigisha Tipnis,2
Maple Wong,2
trooper341,2
Todd S,2
Ttn,2
Denis Sevostyanov,2
Khairi Idris,2
iron324,2
KI9,2
FPS HIGH ACCURACY,2
Eliz_r,2
Arthus de Senneville,2
ì‚¼ì‚¼,2
LI Haipeng,2
Saeed,2
NFT enjoyer,2
Nanokloon,2
TheOfficialCzex,2
Poyser1911,2
Reza Aliakbar,2
ì´ì´,2
Yurii Araujo,2
Metal_magie,2
ì›¹ìŠ¤í† ë¦¬ë³´ì´2,2
Baptiste Bauer,2
Benny BooBoo Bear,2
é»ƒå¨æ¶µ,2
JJEMTT,2
shreyansh rajput,2
Stevexm,2
Rahul Sharma,2
DaGeometryBoi,2
xy g,2
ItsDandy,2
Dalton Pratt,2
GAMED 21,2
Logic-ally,2
Dilan Portela Moreira,2
Amir Rashidiyan,2
Superestes Legenda (Shruti Dixit),2
rpd2002,2
twinexed,2
fgdhdy,2
Behzad Shojaei,2
Ravi Nikam,2
Dilip muthe,2
Tritium,2
Cristian Talero,2
mahdi,2
Leandro Vale,2
PaperBagGuy,2
Peter De Temmerman,2
HyperRoblox,2
haruu966,2
Arcbishop,2
BOSS,2
JamesBond,2
iftekhar mohin,2
Justin Case,2
Invisible,2
emmanuel lelutin,2
CryptoMaster,2
Rohit bhul,2
SkyRotionDan,2
a tea,2
rocket toto,2
Amirhossein Rahmanian,2
ezee,2
fn shy,2
SPIN,2
7UX42,2
Lux Strepitus,2
sun k,2
Sharon Mangual,2
1208 kbj,2
Mike Clancy,2
Am Sa,2
Orangy Sun,2
M . A,2
ì´í˜¸ì„±,2
Vineet,2
Milad Ashari,2
Tejas N,2
Crypto jet,2
Jam Bun,2
Marco Ridolfi,2
23 1,2
Fire escape plan,2
Mahesh Garud,2
Mohamad Taheri,2
Yazeed khaled,2
jas gill,2
Justin,2
Amodoi,2
Rajeev Singh,2
marcello biehl,2
michael yanga,2
Der Aller echte,2
Darrick Totten,2
Demiam,2
Yeah No,2
fahmi magenta,2
jaborgo,2
ê¼¬ë§ˆ,2
Maryam Rose,2
Arash kamangir,2
Shiji Sukumaran,2
Splash Autumn,2
Mandy Heslin,2
aleatoriamente tx,2
Glass of almond milk,2
Samrat Rajput,2
Zz.zZ,2
IamHalleO,2
United_Strange,2
jimmy Doe,2
Amethyst Mac,2
Francisco PedroteCampos,2
Velamon Gaming,2
khloests,2
Ramon Payamps,2
Jae jin,2
Ji Ji,2
Sevve_,2
niki bozorgzad,2
D Venkataiah,2
Sooriya,2
Truth Social,2
Carlos Huezo,2
mohsen masoodi,2
Jwb Costa Mesa,2
elfunt,2
bearye,2
Norbelia Viana,2
Abhi maja aaega,2
Reza Rashedi,2
MrWormqieenus,2
some one,2
êŒ€ Emre êŒ€,2
saleh jamali,2
MikoÅ‚aj Diec,2
Tdawg Luxor,2
WendigoTea,2
Abraham Gonzalez,2
wow Shot ,2
Lemon_Tree,2
ë°•ê°€ì¥ê³¼ ì™•ë¹„,2
Hans Linden,2
FlyignPig,2
Keesvandenberg,2
Edvan Domingues,2
í˜¸í•˜ì‹ ,2
Sreyas A S,2
pouya trailer,2
JINHEON YANG,2
CAP17ANO,2
pudding,2
Andrew Hurlbut,2
Hossein Arab Nejad,2
Hitesh Sidar,2
Ryan$gaming,2
Robert McGarry,2
Chã„ã–ã‚ˆã„,2
Quinton Smith,2
Abhish,2
MALPERTUIG,2
HoÃ ng Quang Tráº§n,2
Nevaslip Automaton,2
S NK,2
ì§ì€í† ë¼,2
Mr Stuttgen's Woodwork Channel,2
Bhakti Studio,2
Alpha Centuries,2
Rod L.,2
Nasser P.,2
Belin,2
sarve bigharar,2
Paul Nbst,2
Bean Boi,2
R Lloyd,2
Jung Park,2
Ù…Ø­Ù…Ø¯ Ø¨Ù‡Ø´Ø§Ø¯ Ù…Ø¹ÛŒÙ†ÛŒ,2
Just Jeff,2
56music,2
ÙØ³Ø¬Ø§Ø¯ Ù„Ø·ÙÛŒ,2
Sujit Prasannakumar,2
Ali Ess,2
Farzad Parhizkar,2
Devil 666,2
â™ ğ“¢ğ“±ğ“ªğ“­ğ“¸ğ”€-ğ“§-ğ“¢ğ“½ğ“¸ğ“»ğ“¶â™£,2
MELÄ°H KURTAY,2
Steller,2
Vlad Reble,2
CreeperLite,2
Adrian Halls,2
Jatin Ratra,2
êµ¬ë…ì¢‹ì•„ìš”ì•Œë¦¼ì„¤ì •ê¹Œì§€,2
åœ°å¤©,2
Persian Iran,2
Codie Dukes,2
Michael Taguma,2
ì¡°ë˜í’€ ì•„ë‚´,2
steve,2
Jocimara Ribeiroâœ§ãƒŸ,2
íƒ±êµ¬íƒ±êµ¬,2
Yee,2
Choco Knight,2
Ivan Hristov,2
Vaughn Solari,2
Mythu666,2
ì˜¬ë¼ë¼,2
Big ounce,2
"HUMSS 2: CAÃ‘EZO, Vincent",2
Lukasz Marciniak,2
Mahdiyeh,2
RemPlay,2
Ashraf Mansour,2
Angelica Carvalho Di Maio,2
guar je,2
Fab,2
Milad Jr.,2
Johann Sebastian Beanz,2
ì´ì •ì¤€,2
í•˜ëŠ˜ëƒ¥ì´,2
Pulkit Hooda,2
Dreamer,2
sung wook kim,2
AmanTheBoy,2
Kartik Gupta,2
Merveee,2
Bataa Dorj,2
GuruG,2
essential,2
Yo Kinh Shuma,2
Naeem Baluch,2
Teodor Dimitrov,2
ë°¥ê¹€,2
I make videos what I want,2
venkata abhiram,2
Máº¡nh Nguyá»…n,2
ê¹€ì§€í›„,2
Doruk Utku,2
BulletSlime,2
yuhc,2
Steve Yoon,2
T1ny T1m,2
Brooke Nielsen,2
Tu xibo,2
Marabilecat à¸…^â€¢ï»Œâ€¢^à¸…,2
V_ ague,2
JFK64 Kennedy,2
gonna_cry,2
Teuku Nabil,2
ë™ì˜ë™ì˜,2
fanqiang meng,2
Jinbin Tan,2
Bhagyashree Sutar,2
graph egg species,2
ì°ë¹µí˜¸ë¹µì˜¤ë¹µ,2
à¸—à¸¨ à¸­à¹ˆà¸­à¸™à¸¥à¸°à¸¡à¹‰à¸²à¸¢,2
Droop75,2
Rishes Mishra,2
CharlesP2009,2
ROCK DEER,2
Ashutosh Kumar,2
ratnajee rao,2
kyzeip,2
Ralu,2
LlLI,2
Hokage Dattebayo,2
S R,2
SUDIPTA MANDAL,2
Letta Zhu,2
Amol Mali,2
Nidaa izlim,2
cool guy,2
SM _ FARAJI,2
Lezsz Bouwer,2
mirae you,2
Phoboss,2
Daniel Jungkind,2
M Haerul Rijal,2
xqzwo,2
Taha TGP,2
Kik Games,2
MyoZ,2
Busisiwe Mitchell,2
Pasta la vista,2
Canary Bleu,2
NinjaSquirrel,2
Sakaris Juul Heinesen,2
sepehr Sasani,2
V,2
kingofichigo,2
Rui Teixeira,2
GlatioS,2
Shamsul Alam,2
ayush,2
Saucy Artifice,2
Mehrdad Mn,2
Sam Samavati,2
Doug Potosky,2
Agya Sewara Alam,2
laughting,2
Zuza,2
Bryan Scandrett,2
Mahesh Siddamsetti,2
Giovanni Martin,2
ezcoiner,2
Fraggle2Me,2
TEARDROP 716,2
Nedawwoww,2
m,2
Jeongho Lee,2
Vincent Russo,2
Mike Morales,2
mohammad haghizadeh,2
Mostafa Saleh,2
RolandThePaladin1,2
Omega Research Corporation,2
Karl VALLEDOR,2
Chaos of Worlds,2
Carlos Emanuel,2
Cethlucas,2
Sherzod Hikmatov,2
MaxUgly,2
Armin Asadi,2
å†›å¸ˆæ°´é—¨,2
Hadis,2
ìµœì •ë¯¼,2
Education,2
thegaming ninja,2
jdam !,2
SaRock,2
Tina Pfeiffer,2
SpiralEQENOX,2
SHANKAR MOKASHI,2
Mavro Syvannah,2
BARA studio,2
Farshad Nazari,2
Outer Space,2
NÉ™vai Ä°sgÉ™ndÉ™rli,2
Rishikesh Mishra,2
gyumini,2
Parthasarathy R,2
StellarStoic,2
Ar Kabir,2
StevenO,2
Sebastian Puga,2
Just Some Guy with a Full Beard,2
mohammad reza so,2
Dylan A,2
ë²„ë¸”ë²„ë¸” ê²Œì„ë°©,2
Guitar beats,2
Tarik Yildirim,2
Shawn Jipp,2
ëŒ€ê°€ë¦¬ ê¹¨ì§„ ì˜¤ë‘ìš°íƒ„,2
Bertrand Robion,2
Moses Mamushcka.,2
Black Widow,2
Skethrd ,2
Douglas Mitchell,2
ì‹œë°œ ê¹€,2
bokken da bokken,2
_ã‚µã‚­ãƒ¥ãƒã‚¹_,2
shreemai,2
Ã‘aiodR,2
blar,2
Aydin jamshidi,2
Baki AytaÃ§,2
Kenia Oliveira,2
srivaseekaran subramaniyan,2
Allegro risoluto,2
Gopa Kumar,2
YnU,2
pan louis,2
Arindam Biswas,2
Maxtor Sumitomo,2
im zeinsof,2
guru guru,2
kingcognito,2
Siko,2
Ø§Ù…ÛŒØ± Ø®Ø¯Ø§Ø¯Ø§Ø¯ÛŒ,2
Fruinder,2
inger klekacz,2
Bakdi Rohanamos,2
Thelitesumo,2
Sykqua,2
ì˜¤ìŠ¹ê·œ,2
Hosein Yazdani,2
Nur-Amin Jawad,2
Hoonam Khademsadwgh,2
zed_,2
Micael Correia,2
Nishima,2
EZA CREATION,2
kim,2
ì¬ì£¼ëŠ¥ê³°,2
John Swamidoss,2
Anna GÃ³ralczuk,2
Shreyas J,2
Plongs,2
Mr.AdMuslim Qasemi,2
WIIHAPPYFEW,2
ì˜ì ¸,2
Kaitlyn Allard-Watson,2
Deuvi,2
Cesar the Clever,2
Orlando Pockets,2
Abhinav Taprial,2
Gabriel Shear,2
steven davis,2
RETINA77,2
Vidhyut Goel,2
Gaming Videos,2
Moja Industries,2
Kaan TecdelioÄŸlu,2
é»„æ˜¥,2
Mohammad Eskandari,2
Â¿ ?,2
Trudi Cairns,2
i_Psyche_,2
Scott Jurrjens,2
robert martinez,2
Gregory,2
orangeğŸŠ,2
Invisisolation,2
å±±ä¸‹ã‚¢ãƒ¬ãƒ³,2
DB_TangKueTe,2
Frederic Wu,2
ryuoh121,2
Fleev1606,2
Shin437,2
mytk165 rs,2
nio,2
Ik Ek,2
SuperFlixGurl33,2
Ironhawk,2
Jordan Shirley,2
cole palmer's agent,2
Calvin Zero,2
Hanxiao Cai,2
Commander cat`y,2
à¸£Ï‚à¸„là¸„àºŸà¸„àº‡,2
Mais vraiment,2
awful1_,2
Jaeil Ko,2
Abhijit Maiti,2
Anim Mouse,2
Latanya Brazzell,2
Ihor V.,2
Shreyanshu Malviya,2
Witch,2
Reggie,2
Hautzi,2
BaseDeltaZero,2
Sniper3031,2
USAMA KHANKHAIL,2
Dylan Saez,2
Fief,2
LEGENDARY GAMING YT,2
nathan nahtan,2
Yeetor Yeetor,2
Shiva Ramlogan,2
FrigginTommyNoble,2
Gamer,2
Ù…Ø­Ù…Ø¯ Ù¾Ø§ÛŒØ¯Ø§Ø±,2
29_Muhammad Irfan Muzakky,2
Anaishaan Sidhwa,2
Hipbo96,2
Amey Prasanth,2
Frediloc8,2
ğŸ³ e--eeee,2
Just a Guy,2
Senpai Shawn,2
Peem,2
Henriette Dyg,2
Pandit Rathod,2
Phoenix Rising,2
ì •ì‚°ê³ ë“±í•™êµ,2
Ane_x,2
Rory Rose,2
Jerwin Lloyd Aljibe,2
ahmad hosseini,2
The CuriousGuy,2
Ruano Productions,2
Al96,2
Vesrchrieben,2
SP Hansel,2
AbigailLilac,2
Kenneth Grandchamp,2
Ø§Ø­Ù…Ø¯ Ø§Ø¨Ø±Ø§Ù‡ÛŒÙ…ÛŒ,2
Vadeco Riffs,2
EmptiPawkitz,2
Audio Nation,2
Ek Bass,2
milad hajian,2
ğğ€ğ’ğ’ ğŒğ”ğ’ğ’ğˆğ‚,2
JayBey,2
Johan Bruyns,2
NvC_DmN_CH,2
Sujin Hong,2
Punpun,2
Louis Wong,2
Function of X,2
CallmeBrine_,2
Ali Yadegari,2
Lumilan,2
Andrea Zaliani,2
franck sachet,2
Uday Gupta,2
makis koulos,2
ĞĞ½Ğ´Ñ€ĞµĞ¹ ĞšĞ¾Ğ¼Ğ°Ñ€Ğ¾Ğ¼Ğ¸,2
IrradiatedPotato,2
Godfly,2
N M,2
amirmohammad morshedi,2
Conor S,2
DJK,2
2high4u,2
Kaleb Peters,2
metal_face,2
C Mac,2
Alain,2
Rafael Estrada,2
Lucas VinÃ­cius,2
Sp3rick hj,2
Renan Silva,2
Jonathan Wei,2
nothing special,2
Maks,2
Nifty weeb,2
Astronomers 134,2
Ayush Agrawal,2
SIGNAL YT,2
LAKSHMAN VELMURUGAN,2
RANSFORD MESQUITA,2
T. K,2
ëš¤ê°“,2
á„á„á„á„,2
Petrimal,2
AxDrino,2
Erfan Alavi,2
ARGENIS SILVA,2
Sina Seifouri,2
sunrise8624,2
Shakur Amin,2
scott,2
DeadBoy,2
Bartosz,2
Kairi,2
Manu Bali,2
Joaquin La Roca,2
Shiva,2
Glenn Olson,2
Ronald Blake,2
Georges J.,2
Frank Jaeger,2
ë•…ë•…ì´,2
Fly Markus09,2
FrogInTheWaves,2
Marcos Pena,2
mahsa afshin,2
Ignorance,2
NetCat,2
Blizz Grad,2
ë°•ì¬ê·¼,2
midnight,2
Resonance of Illumination - Ambition of Void,2
Mountain hunter,2
Joe Pelo,2
Billllie,2
B0aw s,2
Mani kandan,2
magical gamer,2
Kaesar,2
JC,2
SeMontreal,2
Cinar V,2
Amin Black,2
ALI XRED,2
Gooyun Jung,2
Ho ras,2
RP,2
Eszter Dobcsanyi,2
Chnr,2
Epic Moments,2
Emil Eriksson Lefebvre,2
Marshmellow,2
æ¡œäº•Tsuki,2
Reza Molani,2
Life in Japan,2
Loop,2
Gert Gybels,2
"Nathaniel ""Roadrunner"" Epps",2
hamid amini,2
K.S,2
Qifa Shm,2
Professor_Stevens,2
Kolias Latarss,2
Eu Mim,2
GameMission,2
Tomas Å tefe,2
Surendiran Narayana Prasad,2
Kimmo Sulo,2
_ğ”¸â„ğ•„ğ”¸ğ”».â„‚ğ•†ğ•„ğ”¹ğ”¸ğ•‹_,2
Lava Dood,2
grusom985,2
JMJ19,2
Luffy5189,2
Soumyadip Dey,2
Karen Wimberg,2
dejan milic,2
Tanishka Sharma,2
Mad_Mamad,2
Michelle Griffin,2
QuikMods OBS,2
Nurullah Kaya,2
P P,2
Tobias Bachem,2
ArloVT,2
Amin Heshmati,2
lasso prone,2
Ø²Ù‡Ø±Ø§ Ø§Ø¨ÙˆØ§Ù„Ø­Ú©ÛŒÙ…ÛŒ,2
Melon soviet,2
Ohblipster,2
Lel Kel,2
Annie Ryu,2
Ali Shaadaan,2
ë™ë™ë™,2
Astro Duck,2
Anna Franzetti,2
GLEB BUGATTI,2
Mehran Saeid,2
Edemilson Lima,2
Lil Lol,2
Aysuda Makhtumi,2
Taj Abou Harb,2
Saeed Dusti,2
Just Abbas,2
D O'Connell,2
Rafael GonÃ§alves,2
Rina kropi Rina kropi,2
Mayukh Deb,2
Ana Paulina Figueroa,2
mohammadreza mohabat,2
åˆ˜éœ‡,2
Mohsin Syed,2
mulecake,2
æµªæ¼«ç±³è€é¼ ,2
Ebrahim Elyasi ,2
amirmohamad javidnasab,2
Noemi FernÃ¡ndez Magencio,2
Jennifer Grant,2
Eftisaam Alam,2
Moinur Rahman,2
TheLacedaemonian300,2
my cats gaming,2
ÑÑ€Ğ¸Ğ¹ Ğ¿ĞµĞ½Ğ·Ğ°,2
Mano Mano,2
Ø®Ø· Ø³ÙˆÙ… ___Ø´Ø¨ÛŒØ±,2
ege atagÃ¶z,2
MD HASAN MIA,2
Carlos GonzÃ¡lez,2
Illinez naam,2
ReneDrumPoet,2
mohammadamin amini,2
soi,2
Aswin A,2
Dolenga,2
mrym mh,2
Birol GenÃ§,2
Stener Gut,2
Alireza fml,2
gaming scope,2
Oe,2
kaushal Hrehan,2
Mark Danforth,2
theTATEX,2
John Watson,2
@ğ—¶ğ—º_ğ—ğ—®ğ˜ƒğ—²ğ—²ğ—¿,2
Filthybang,2
WelsThe3rd,2
Steve,2
Ayush Shukla,2
Delroy James,2
flipalipaloop,2
Quinton Klopper,2
Pietro S,2
Mahmoud Keshavarzi,2
Akash Chaurasia,2
Ğ¨Î”RGÎ©Î”T,2
Auguste Comte,2
hyperdude144,2
Schmidtter,2
Dzeros Fernandes,2
Magnero,2
à¸ˆà¸µà¸£à¸ à¸±à¸—à¸£à¹Œ à¸£à¸²à¸Šà¸ªà¸²à¸£,2
Shakila Sayarfar,2
Y Hoori,2
Camman 18,2
I hate humanity,2
Ù†Ø¬ÙˆÙ…,2
ì–‘ìë„ì•½,2
pooyaamiri -orgi,2
Mohammadreza Azami,2
Xu Li,2
Stephanie Lopez,2
persian_molana,2
